To honour the JVM settings for this build a single-use Daemon process will be forked. For more on this, please refer to https://docs.gradle.org/8.14.5/userguide/gradle_daemon.html#sec:disabling_the_daemon in the Gradle documentation.
Daemon will be stopped at the end of the build 

> Configure project :
Architect Plugin: 3.4.164
Architectury Loom: 1.14.476
This version of Architectury Loom is in beta! Please report any issues you encounter: https://github.com/architectury/architectury-loom/issues

> Task :fabric:exportClasspath
> Task :common:exportClasspath
> Task :forge:exportClasspath
> Task :fabric:processResources UP-TO-DATE
> Task :fabric:processIncludeJars
> Task :forge:processResources UP-TO-DATE
> Task :forge:processIncludeJars
> Task :fabric:sourcesJar
> Task :fabric:processTestResources NO-SOURCE
> Task :forge:sourcesJar
> Task :forge:processTestResources NO-SOURCE
> Task :forge:validateAccessWidener NO-SOURCE
> Task :fabric:validateAccessWidener

> Task :common:compileJava
E:\dev\champions-unofficial-arch\common\src\main\java\top\theillusivec4\champions\common\affix\builtin\spawn_tick_affixes\MoltenAffix.java:11: 错误: 找不到符号
import net.minecraft.world.level.pathfinder.PathType;
                                           ^
  符号:   类 PathType
  位置: 程序包 net.minecraft.world.level.pathfinder
E:\dev\champions-unofficial-arch\common\src\main\java\top\theillusivec4\champions\common\affix\builtin\spawn_tick_affixes\PlaguedAffix.java:3: 错误: 找不到符号
import net.minecraft.core.particles.ColorParticleOption;
                                   ^
  符号:   类 ColorParticleOption
  位置: 程序包 net.minecraft.core.particles
E:\dev\champions-unofficial-arch\common\src\main\java\top\theillusivec4\champions\common\client\ChampionsOverlay.java:4: 错误: 找不到符号
import net.minecraft.client.DeltaTracker;
                           ^
  符号:   类 DeltaTracker
  位置: 程序包 net.minecraft.client
E:\dev\champions-unofficial-arch\common\src\main\java\top\theillusivec4\champions\common\client\ChampionsOverlay.java:7: 错误: 找不到符号
import net.minecraft.client.gui.LayeredDraw;
                               ^
  符号:   类 LayeredDraw
  位置: 程序包 net.minecraft.client.gui
E:\dev\champions-unofficial-arch\common\src\main\java\top\theillusivec4\champions\common\client\ChampionsOverlay.java:14: 错误: 程序包LayeredDraw不存在
public final class ChampionsOverlay implements LayeredDraw.Layer {
                                                          ^
E:\dev\champions-unofficial-arch\common\src\main\java\top\theillusivec4\champions\common\client\ChampionsOverlay.java:20: 错误: 找不到符号
  public void render(@NotNull GuiGraphics gui, @NotNull DeltaTracker delta) {
                                                        ^
  符号:   类 DeltaTracker
  位置: 类 ChampionsOverlay
E:\dev\champions-unofficial-arch\common\src\main\java\top\theillusivec4\champions\common\network\EditorPayload.java:7: 错误: 程序包net.minecraft.network.codec不存在
import net.minecraft.network.codec.StreamCodec;
                                  ^
E:\dev\champions-unofficial-arch\common\src\main\java\top\theillusivec4\champions\common\network\EditorPayload.java:38: 错误: 找不到符号
    private static final StreamCodec<FriendlyByteBuf, Map<String, String>> STRING_MAP_CODEC =
                         ^
  符号:   类 StreamCodec
  位置: 类 EditorPayload
E:\dev\champions-unofficial-arch\common\src\main\java\top\theillusivec4\champions\common\network\EditorPayload.java:52: 错误: 找不到符号
    private static final StreamCodec<FriendlyByteBuf, Set<String>> STRING_SET_CODEC =
                         ^
  符号:   类 StreamCodec
  位置: 类 EditorPayload
E:\dev\champions-unofficial-arch\common\src\main\java\top\theillusivec4\champions\common\network\EditorPayload.java:66: 错误: 找不到符号
    public static final StreamCodec<FriendlyByteBuf, EditorPayload> STREAM_CODEC =
                        ^
  符号:   类 StreamCodec
  位置: 类 EditorPayload
E:\dev\champions-unofficial-arch\common\src\main\java\top\theillusivec4\champions\common\config\ChampionConfigSpec.java:3: 错误: 程序包net.neoforged.neoforge.common不存在
import net.neoforged.neoforge.common.ModConfigSpec;
                                    ^
E:\dev\champions-unofficial-arch\common\src\main\java\top\theillusivec4\champions\common\config\ChampionConfigSpec.java:25: 错误: 找不到符号
    public static final ModConfigSpec SPEC;
                        ^
  符号:   类 ModConfigSpec
  位置: 类 ChampionConfigSpec
E:\dev\champions-unofficial-arch\common\src\main\java\top\theillusivec4\champions\common\config\ChampionConfigSpec.java:99: 错误: 程序包ModConfigSpec不存在
        final ModConfigSpec.DoubleValue  spawnChance;
                           ^
E:\dev\champions-unofficial-arch\common\src\main\java\top\theillusivec4\champions\common\config\ChampionConfigSpec.java:100: 错误: 程序包ModConfigSpec不存在
        final ModConfigSpec.IntValue     beaconProtectionRange;
                           ^
E:\dev\champions-unofficial-arch\common\src\main\java\top\theillusivec4\champions\common\config\ChampionConfigSpec.java:101: 错误: 程序包ModConfigSpec不存在
        final ModConfigSpec.BooleanValue championSpawners;
                           ^
E:\dev\champions-unofficial-arch\common\src\main\java\top\theillusivec4\champions\common\config\ChampionConfigSpec.java:102: 错误: 程序包ModConfigSpec不存在
        final ModConfigSpec.BooleanValue championTrialSpawners;
                           ^
E:\dev\champions-unofficial-arch\common\src\main\java\top\theillusivec4\champions\common\config\ChampionConfigSpec.java:104: 错误: 程序包ModConfigSpec不存在
        final ModConfigSpec.BooleanValue showHud;
                           ^
E:\dev\champions-unofficial-arch\common\src\main\java\top\theillusivec4\champions\common\config\ChampionConfigSpec.java:105: 错误: 程序包ModConfigSpec不存在
        final ModConfigSpec.BooleanValue showParticles;
                           ^
E:\dev\champions-unofficial-arch\common\src\main\java\top\theillusivec4\champions\common\config\ChampionConfigSpec.java:106: 错误: 程序包ModConfigSpec不存在
        final ModConfigSpec.ConfigValue<List<? extends String>> bossBarBlacklist;
                           ^
E:\dev\champions-unofficial-arch\common\src\main\java\top\theillusivec4\champions\common\config\ChampionConfigSpec.java:108: 错误: 程序包ModConfigSpec不存在
        final ModConfigSpec.IntValue experienceGrowth;
                           ^
E:\dev\champions-unofficial-arch\common\src\main\java\top\theillusivec4\champions\common\config\ChampionConfigSpec.java:109: 错误: 程序包ModConfigSpec不存在
        final ModConfigSpec.IntValue explosionGrowth;
                           ^
E:\dev\champions-unofficial-arch\common\src\main\java\top\theillusivec4\champions\common\config\ChampionConfigSpec.java:111: 错误: 程序包ModConfigSpec不存在
        final ModConfigSpec.ConfigValue<List<? extends String>> lootDrops;
                           ^
E:\dev\champions-unofficial-arch\common\src\main\java\top\theillusivec4\champions\common\config\ChampionConfigSpec.java:112: 错误: 程序包ModConfigSpec不存在
        final ModConfigSpec.BooleanValue lootScaling;
                           ^
E:\dev\champions-unofficial-arch\common\src\main\java\top\theillusivec4\champions\common\config\ChampionConfigSpec.java:114: 错误: 程序包ModConfigSpec不存在
        final ModConfigSpec.BooleanValue mobInherit;
                           ^
E:\dev\champions-unofficial-arch\common\src\main\java\top\theillusivec4\champions\common\config\ChampionConfigSpec.java:115: 错误: 程序包ModConfigSpec不存在
        final ModConfigSpec.IntValue     rankReduce;
                           ^
E:\dev\champions-unofficial-arch\common\src\main\java\top\theillusivec4\champions\common\config\ChampionConfigSpec.java:116: 错误: 程序包ModConfigSpec不存在
        final ModConfigSpec.BooleanValue canHaveInfestedAffix;
                           ^
E:\dev\champions-unofficial-arch\common\src\main\java\top\theillusivec4\champions\common\config\ChampionConfigSpec.java:118: 错误: 程序包ModConfigSpec不存在
        final ModConfigSpec.DoubleValue  adaptableReductionIncrement;
                           ^
E:\dev\champions-unofficial-arch\common\src\main\java\top\theillusivec4\champions\common\config\ChampionConfigSpec.java:119: 错误: 程序包ModConfigSpec不存在
        final ModConfigSpec.DoubleValue  adaptableMaxReduction;
                           ^
E:\dev\champions-unofficial-arch\common\src\main\java\top\theillusivec4\champions\common\config\ChampionConfigSpec.java:120: 错误: 程序包ModConfigSpec不存在
        final ModConfigSpec.IntValue     arcticAttackInterval;
                           ^
E:\dev\champions-unofficial-arch\common\src\main\java\top\theillusivec4\champions\common\config\ChampionConfigSpec.java:121: 错误: 程序包ModConfigSpec不存在
        final ModConfigSpec.IntValue     enkindlingAttackInterval;
                           ^
E:\dev\champions-unofficial-arch\common\src\main\java\top\theillusivec4\champions\common\config\ChampionConfigSpec.java:122: 错误: 程序包ModConfigSpec不存在
        final ModConfigSpec.DoubleValue  dampeningReduction;
                           ^
E:\dev\champions-unofficial-arch\common\src\main\java\top\theillusivec4\champions\common\config\ChampionConfigSpec.java:123: 错误: 程序包ModConfigSpec不存在
        final ModConfigSpec.IntValue     desecratingInterval;
                           ^
E:\dev\champions-unofficial-arch\common\src\main\java\top\theillusivec4\champions\common\config\ChampionConfigSpec.java:124: 错误: 程序包ModConfigSpec不存在
        final ModConfigSpec.IntValue     desecratingActivationTime;
                           ^
E:\dev\champions-unofficial-arch\common\src\main\java\top\theillusivec4\champions\common\config\ChampionConfigSpec.java:125: 错误: 程序包ModConfigSpec不存在
        final ModConfigSpec.DoubleValue  desecratingRadius;
                           ^
E:\dev\champions-unofficial-arch\common\src\main\java\top\theillusivec4\champions\common\config\ChampionConfigSpec.java:126: 错误: 程序包ModConfigSpec不存在
        final ModConfigSpec.IntValue     desecratingDuration;
                           ^
E:\dev\champions-unofficial-arch\common\src\main\java\top\theillusivec4\champions\common\config\ChampionConfigSpec.java:127: 错误: 程序包ModConfigSpec不存在
        final ModConfigSpec.DoubleValue  hastySpeedBonus;
                           ^
E:\dev\champions-unofficial-arch\common\src\main\java\top\theillusivec4\champions\common\config\ChampionConfigSpec.java:128: 错误: 程序包ModConfigSpec不存在
        final ModConfigSpec.IntValue     infestedAmount;
                           ^
E:\dev\champions-unofficial-arch\common\src\main\java\top\theillusivec4\champions\common\config\ChampionConfigSpec.java:129: 错误: 程序包ModConfigSpec不存在
        final ModConfigSpec.IntValue     infestedInterval;
                           ^
E:\dev\champions-unofficial-arch\common\src\main\java\top\theillusivec4\champions\common\config\ChampionConfigSpec.java:130: 错误: 程序包ModConfigSpec不存在
        final ModConfigSpec.ConfigValue<String> infestedParasite;
                           ^
E:\dev\champions-unofficial-arch\common\src\main\java\top\theillusivec4\champions\common\config\ChampionConfigSpec.java:131: 错误: 程序包ModConfigSpec不存在
        final ModConfigSpec.DoubleValue  knockingKnockback;
                           ^
E:\dev\champions-unofficial-arch\common\src\main\java\top\theillusivec4\champions\common\config\ChampionConfigSpec.java:132: 错误: 程序包ModConfigSpec不存在
        final ModConfigSpec.DoubleValue  livelyHealAmount;
                           ^
E:\dev\champions-unofficial-arch\common\src\main\java\top\theillusivec4\champions\common\config\ChampionConfigSpec.java:133: 错误: 程序包ModConfigSpec不存在
        final ModConfigSpec.DoubleValue  livelyPassiveMultiplier;
                           ^
E:\dev\champions-unofficial-arch\common\src\main\java\top\theillusivec4\champions\common\config\ChampionConfigSpec.java:134: 错误: 程序包ModConfigSpec不存在
        final ModConfigSpec.IntValue     livelyCooldown;
                           ^
E:\dev\champions-unofficial-arch\common\src\main\java\top\theillusivec4\champions\common\config\ChampionConfigSpec.java:135: 错误: 程序包ModConfigSpec不存在
        final ModConfigSpec.DoubleValue  magneticStrength;
                           ^
E:\dev\champions-unofficial-arch\common\src\main\java\top\theillusivec4\champions\common\config\ChampionConfigSpec.java:136: 错误: 程序包ModConfigSpec不存在
        final ModConfigSpec.DoubleValue  magneticPullRange;
                           ^
E:\dev\champions-unofficial-arch\common\src\main\java\top\theillusivec4\champions\common\config\ChampionConfigSpec.java:137: 错误: 程序包ModConfigSpec不存在
        final ModConfigSpec.IntValue     moltenFireTicks;
                           ^
E:\dev\champions-unofficial-arch\common\src\main\java\top\theillusivec4\champions\common\config\ChampionConfigSpec.java:138: 错误: 程序包ModConfigSpec不存在
        final ModConfigSpec.DoubleValue  moltenAuraDamage;
                           ^
E:\dev\champions-unofficial-arch\common\src\main\java\top\theillusivec4\champions\common\config\ChampionConfigSpec.java:139: 错误: 程序包ModConfigSpec不存在
        final ModConfigSpec.DoubleValue  moltenAuraRange;
                           ^
E:\dev\champions-unofficial-arch\common\src\main\java\top\theillusivec4\champions\common\config\ChampionConfigSpec.java:140: 错误: 程序包ModConfigSpec不存在
        final ModConfigSpec.DoubleValue  paralyzingChance;
                           ^
E:\dev\champions-unofficial-arch\common\src\main\java\top\theillusivec4\champions\common\config\ChampionConfigSpec.java:141: 错误: 程序包ModConfigSpec不存在
        final ModConfigSpec.IntValue     paralyzingDuration;
                           ^
E:\dev\champions-unofficial-arch\common\src\main\java\top\theillusivec4\champions\common\config\ChampionConfigSpec.java:142: 错误: 程序包ModConfigSpec不存在
        final ModConfigSpec.DoubleValue  plaguedRange;
                           ^
E:\dev\champions-unofficial-arch\common\src\main\java\top\theillusivec4\champions\common\config\ChampionConfigSpec.java:143: 错误: 程序包ModConfigSpec不存在
        final ModConfigSpec.DoubleValue  reflectiveMinPercent;
                           ^
E:\dev\champions-unofficial-arch\common\src\main\java\top\theillusivec4\champions\common\config\ChampionConfigSpec.java:144: 错误: 程序包ModConfigSpec不存在
        final ModConfigSpec.DoubleValue  reflectiveMaxPercent;
                           ^
E:\dev\champions-unofficial-arch\common\src\main\java\top\theillusivec4\champions\common\config\ChampionConfigSpec.java:145: 错误: 程序包ModConfigSpec不存在
        final ModConfigSpec.DoubleValue  reflectiveMax;
                           ^
E:\dev\champions-unofficial-arch\common\src\main\java\top\theillusivec4\champions\common\config\ChampionConfigSpec.java:146: 错误: 程序包ModConfigSpec不存在
        final ModConfigSpec.BooleanValue reflectiveLethal;
                           ^
E:\dev\champions-unofficial-arch\common\src\main\java\top\theillusivec4\champions\common\config\ChampionConfigSpec.java:147: 错误: 程序包ModConfigSpec不存在
        final ModConfigSpec.DoubleValue  shieldingChance;
                           ^
E:\dev\champions-unofficial-arch\common\src\main\java\top\theillusivec4\champions\common\config\ChampionConfigSpec.java:148: 错误: 程序包ModConfigSpec不存在
        final ModConfigSpec.DoubleValue  woundingChance;
                           ^
E:\dev\champions-unofficial-arch\common\src\main\java\top\theillusivec4\champions\common\config\ChampionConfigSpec.java:149: 错误: 程序包ModConfigSpec不存在
        final ModConfigSpec.IntValue     woundingDuration;
                           ^
E:\dev\champions-unofficial-arch\common\src\main\java\top\theillusivec4\champions\common\config\ChampionConfigSpec.java:151: 错误: 程序包ModConfigSpec不存在
        Entries(ModConfigSpec.Builder b) {
                             ^
E:\dev\champions-unofficial-arch\common\src\main\java\top\theillusivec4\champions\common\entity\ArcticBulletEntity.java:47: 错误: 找不到符号
    protected void defineSynchedData(SynchedEntityData.@NotNull Builder builder) {
                                                      ^
  符号:   类 Builder
  位置: 类 SynchedEntityData
E:\dev\champions-unofficial-arch\common\src\main\java\top\theillusivec4\champions\common\entity\EnkindlingBulletEntity.java:45: 错误: 找不到符号
    protected void defineSynchedData(SynchedEntityData.@NotNull Builder builder) {
                                                      ^
  符号:   类 Builder
  位置: 类 SynchedEntityData
E:\dev\champions-unofficial-arch\common\src\main\java\top\theillusivec4\champions\common\integration\jade\ChampionComponentProvider.java:9: 错误: 找不到符号
import snownee.jade.api.JadeIds;
                       ^
  符号:   类 JadeIds
  位置: 程序包 snownee.jade.api
E:\dev\champions-unofficial-arch\common\src\main\java\top\theillusivec4\champions\common\network\ChampionClearPacket.java:5: 错误: 程序包net.minecraft.network.codec不存在
import net.minecraft.network.codec.ByteBufCodecs;
                                  ^
E:\dev\champions-unofficial-arch\common\src\main\java\top\theillusivec4\champions\common\network\ChampionClearPacket.java:6: 错误: 程序包net.minecraft.network.codec不存在
import net.minecraft.network.codec.StreamCodec;
                                  ^
E:\dev\champions-unofficial-arch\common\src\main\java\top\theillusivec4\champions\common\network\ChampionClearPacket.java:7: 错误: 程序包net.minecraft.network.protocol.common.custom不存在
import net.minecraft.network.protocol.common.custom.CustomPacketPayload;
                                                   ^
E:\dev\champions-unofficial-arch\common\src\main\java\top\theillusivec4\champions\common\network\ChampionClearPacket.java:14: 错误: 找不到符号
public record ChampionClearPacket(int entityId) implements CustomPacketPayload {
                                                           ^
  符号: 类 CustomPacketPayload
E:\dev\champions-unofficial-arch\common\src\main\java\top\theillusivec4\champions\common\network\ChampionClearPacket.java:16: 错误: 找不到符号
    public static final Type<ChampionClearPacket> TYPE = new Type<>(
                        ^
  符号:   类 Type
  位置: 类 ChampionClearPacket
E:\dev\champions-unofficial-arch\common\src\main\java\top\theillusivec4\champions\common\network\ChampionClearPacket.java:19: 错误: 找不到符号
    public static final StreamCodec<ByteBuf, ChampionClearPacket> STREAM_CODEC =
                        ^
  符号:   类 StreamCodec
  位置: 类 ChampionClearPacket
E:\dev\champions-unofficial-arch\common\src\main\java\top\theillusivec4\champions\common\network\ChampionClearPacket.java:23: 错误: 找不到符号
    public Type<? extends CustomPacketPayload> type() {
           ^
  符号:   类 Type
  位置: 类 ChampionClearPacket
E:\dev\champions-unofficial-arch\common\src\main\java\top\theillusivec4\champions\common\network\ChampionClearPacket.java:23: 错误: 找不到符号
    public Type<? extends CustomPacketPayload> type() {
                          ^
  符号:   类 CustomPacketPayload
  位置: 类 ChampionClearPacket
E:\dev\champions-unofficial-arch\common\src\main\java\top\theillusivec4\champions\common\network\ChampionSyncData.java:5: 错误: 程序包net.minecraft.network.codec不存在
import net.minecraft.network.codec.ByteBufCodecs;
                                  ^
E:\dev\champions-unofficial-arch\common\src\main\java\top\theillusivec4\champions\common\network\ChampionSyncData.java:6: 错误: 程序包net.minecraft.network.codec不存在
import net.minecraft.network.codec.StreamCodec;
                                  ^
E:\dev\champions-unofficial-arch\common\src\main\java\top\theillusivec4\champions\common\network\ChampionSyncData.java:34: 错误: 找不到符号
    public static final StreamCodec<FriendlyByteBuf, ChampionSyncData> STREAM_CODEC =
                        ^
  符号:   类 StreamCodec
  位置: 类 ChampionSyncData
E:\dev\champions-unofficial-arch\common\src\main\java\top\theillusivec4\champions\common\network\ChampionSyncData.java:81: 错误: 找不到符号
        public static final StreamCodec<FriendlyByteBuf, AffixSyncEntry> STREAM_CODEC =
                            ^
  符号:   类 StreamCodec
  位置: 类 AffixSyncEntry
E:\dev\champions-unofficial-arch\common\src\main\java\top\theillusivec4\champions\common\network\OpenEditorPacket.java:4: 错误: 程序包net.minecraft.network.codec不存在
import net.minecraft.network.codec.StreamCodec;
                                  ^
E:\dev\champions-unofficial-arch\common\src\main\java\top\theillusivec4\champions\common\network\OpenEditorPacket.java:5: 错误: 程序包net.minecraft.network.protocol.common.custom不存在
import net.minecraft.network.protocol.common.custom.CustomPacketPayload;
                                                   ^
E:\dev\champions-unofficial-arch\common\src\main\java\top\theillusivec4\champions\common\network\OpenEditorPacket.java:12: 错误: 找不到符号
public record OpenEditorPacket(EditorPayload payload) implements CustomPacketPayload {
                                                                 ^
  符号: 类 CustomPacketPayload
E:\dev\champions-unofficial-arch\common\src\main\java\top\theillusivec4\champions\common\network\OpenEditorPacket.java:14: 错误: 找不到符号
    public static final Type<OpenEditorPacket> TYPE = new Type<>(
                        ^
  符号:   类 Type
  位置: 类 OpenEditorPacket
E:\dev\champions-unofficial-arch\common\src\main\java\top\theillusivec4\champions\common\network\OpenEditorPacket.java:17: 错误: 找不到符号
    public static final StreamCodec<FriendlyByteBuf, OpenEditorPacket> STREAM_CODEC =
                        ^
  符号:   类 StreamCodec
  位置: 类 OpenEditorPacket
E:\dev\champions-unofficial-arch\common\src\main\java\top\theillusivec4\champions\common\network\OpenEditorPacket.java:21: 错误: 找不到符号
    public @NotNull Type<? extends CustomPacketPayload> type() { return TYPE; }
                    ^
  符号:   类 Type
  位置: 类 OpenEditorPacket
E:\dev\champions-unofficial-arch\common\src\main\java\top\theillusivec4\champions\common\network\OpenEditorPacket.java:21: 错误: 找不到符号
    public @NotNull Type<? extends CustomPacketPayload> type() { return TYPE; }
                                   ^
  符号:   类 CustomPacketPayload
  位置: 类 OpenEditorPacket
E:\dev\champions-unofficial-arch\common\src\main\java\top\theillusivec4\champions\common\network\SaveEditorPacket.java:4: 错误: 程序包net.minecraft.network.codec不存在
import net.minecraft.network.codec.StreamCodec;
                                  ^
E:\dev\champions-unofficial-arch\common\src\main\java\top\theillusivec4\champions\common\network\SaveEditorPacket.java:5: 错误: 程序包net.minecraft.network.protocol.common.custom不存在
import net.minecraft.network.protocol.common.custom.CustomPacketPayload;
                                                   ^
E:\dev\champions-unofficial-arch\common\src\main\java\top\theillusivec4\champions\common\network\SaveEditorPacket.java:11: 错误: 找不到符号
public record SaveEditorPacket(EditorPayload payload) implements CustomPacketPayload {
                                                                 ^
  符号: 类 CustomPacketPayload
E:\dev\champions-unofficial-arch\common\src\main\java\top\theillusivec4\champions\common\network\SaveEditorPacket.java:13: 错误: 找不到符号
    public static final Type<SaveEditorPacket> TYPE = new Type<>(
                        ^
  符号:   类 Type
  位置: 类 SaveEditorPacket
E:\dev\champions-unofficial-arch\common\src\main\java\top\theillusivec4\champions\common\network\SaveEditorPacket.java:16: 错误: 找不到符号
    public static final StreamCodec<FriendlyByteBuf, SaveEditorPacket> STREAM_CODEC =
                        ^
  符号:   类 StreamCodec
  位置: 类 SaveEditorPacket
E:\dev\champions-unofficial-arch\common\src\main\java\top\theillusivec4\champions\common\network\SaveEditorPacket.java:20: 错误: 找不到符号
    public Type<? extends CustomPacketPayload> type() { return TYPE; }
           ^
  符号:   类 Type
  位置: 类 SaveEditorPacket
E:\dev\champions-unofficial-arch\common\src\main\java\top\theillusivec4\champions\common\network\SaveEditorPacket.java:20: 错误: 找不到符号
    public Type<? extends CustomPacketPayload> type() { return TYPE; }
                          ^
  符号:   类 CustomPacketPayload
  位置: 类 SaveEditorPacket
E:\dev\champions-unofficial-arch\common\src\main\java\top\theillusivec4\champions\common\affix\builtin\spawn_tick_affixes\HastyAffix.java:41: 错误: 不兼容的类型: ResourceLocation无法转换为UUID
        if (attr.getModifier(MODIFIER_ID) != null) return; // already applied
                             ^
E:\dev\champions-unofficial-arch\common\src\main\java\top\theillusivec4\champions\common\affix\builtin\spawn_tick_affixes\HastyAffix.java:47: 错误: 找不到符号
                AttributeModifier.Operation.ADD_VALUE
                                           ^
  符号:   变量 ADD_VALUE
  位置: 类 Operation
E:\dev\champions-unofficial-arch\common\src\main\java\top\theillusivec4\champions\common\affix\builtin\spawn_tick_affixes\MoltenAffix.java:46: 错误: 找不到符号
                mob.setPathfindingMalus(PathType.WATER, -1f);
                                        ^
  符号:   变量 PathType
  位置: 类 MoltenAffix
E:\dev\champions-unofficial-arch\common\src\main\java\top\theillusivec4\champions\common\affix\builtin\spawn_tick_affixes\MoltenAffix.java:47: 错误: 找不到符号
                mob.setPathfindingMalus(PathType.LAVA, 8f);
                                        ^
  符号:   变量 PathType
  位置: 类 MoltenAffix
E:\dev\champions-unofficial-arch\common\src\main\java\top\theillusivec4\champions\common\affix\builtin\spawn_tick_affixes\MoltenAffix.java:48: 错误: 找不到符号
                mob.setPathfindingMalus(PathType.DANGER_FIRE, 0f);
                                        ^
  符号:   变量 PathType
  位置: 类 MoltenAffix
E:\dev\champions-unofficial-arch\common\src\main\java\top\theillusivec4\champions\common\affix\builtin\spawn_tick_affixes\MoltenAffix.java:49: 错误: 找不到符号
                mob.setPathfindingMalus(PathType.DAMAGE_FIRE, 0f);
                                        ^
  符号:   变量 PathType
  位置: 类 MoltenAffix
E:\dev\champions-unofficial-arch\common\src\main\java\top\theillusivec4\champions\common\affix\builtin\spawn_tick_affixes\PlaguedAffix.java:55: 错误: 找不到符号
                        ColorParticleOption.create(ParticleTypes.ENTITY_EFFECT, 0x55FF55),
                        ^
  符号:   变量 ColorParticleOption
  位置: 类 PlaguedAffix
E:\dev\champions-unofficial-arch\common\src\main\java\top\theillusivec4\champions\common\affix\builtin\StatelessCombatAffixes\DampeningAffix.java:19: 错误: 找不到符号
            if (!evt.source().isDirect()) return;
                             ^
  符号:   方法 isDirect()
  位置: 类 DamageSource
E:\dev\champions-unofficial-arch\common\src\main\java\top\theillusivec4\champions\common\filter\EntityFilter.java:44: 错误: 对于dispatch(EntityFilt[...]peKey,EntityFilt[...]ecFor), 找不到合适的方法
    Codec<EntityFilter> CODEC = Codec.STRING.dispatch(
                                            ^
    方法 Codec.<E#1>dispatch(Function<? super E#1,? extends String>,Function<? super String,? extends Codec<? extends E#1>>)不适用
      (无法推断类型变量 E#1
        (参数不匹配; 方法引用中的返回类型错误
          MapCodec<? extends EntityFilter>无法转换为Codec<? extends E#1>))
    方法 Codec.<E#2>dispatch(String,Function<? super E#2,? extends String>,Function<? super String,? extends Codec<? extends E#2>>)不适用
      (无法推断类型变量 E#2
        (实际参数列表和形式参数列表长度不同))
  其中, E#1,A,E#2是类型变量:
    E#1扩展已在方法 <E#1>dispatch(Function<? super E#1,? extends A>,Function<? super A,? extends Codec<? extends E#1>>)中声明的Object
    A扩展已在接口 Codec中声明的Object
    E#2扩展已在方法 <E#2>dispatch(String,Function<? super E#2,? extends A>,Function<? super A,? extends Codec<? extends E#2>>)中声明的Object
E:\dev\champions-unofficial-arch\common\src\main\java\top\theillusivec4\champions\common\filter\EntityFilter.java:169: 错误: 对于getHolder(ResourceLocation), 找不到合适的方法
            var attr = BuiltInRegistries.ATTRIBUTE.getHolder(attribute);
                                                  ^
    方法 Registry.getHolder(int)不适用
      (参数不匹配; ResourceLocation无法转换为int)
    方法 Registry.getHolder(ResourceKey<Attribute>)不适用
      (参数不匹配; ResourceLocation无法转换为ResourceKey<Attribute>)
E:\dev\champions-unofficial-arch\common\src\main\java\top\theillusivec4\champions\common\phase\PhaseCondition.java:22: 错误: 对于dispatch(PhaseCondi[...]peKey,PhaseCondi[...]ecFor), 找不到合适的方法
    Codec<PhaseCondition> CODEC = Codec.STRING.dispatch(
                                              ^
    方法 Codec.<E#1>dispatch(Function<? super E#1,? extends String>,Function<? super String,? extends Codec<? extends E#1>>)不适用
      (无法推断类型变量 E#1
        (参数不匹配; 方法引用中的返回类型错误
          MapCodec<? extends PhaseCondition>无法转换为Codec<? extends E#1>))
    方法 Codec.<E#2>dispatch(String,Function<? super E#2,? extends String>,Function<? super String,? extends Codec<? extends E#2>>)不适用
      (无法推断类型变量 E#2
        (实际参数列表和形式参数列表长度不同))
  其中, E#1,A,E#2是类型变量:
    E#1扩展已在方法 <E#1>dispatch(Function<? super E#1,? extends A>,Function<? super A,? extends Codec<? extends E#1>>)中声明的Object
    A扩展已在接口 Codec中声明的Object
    E#2扩展已在方法 <E#2>dispatch(String,Function<? super E#2,? extends A>,Function<? super A,? extends Codec<? extends E#2>>)中声明的Object
E:\dev\champions-unofficial-arch\common\src\main\java\top\theillusivec4\champions\common\phase\PhaseEffect.java:37: 错误: 对于dispatch(PhaseEffec[...]peKey,PhaseEffec[...]ecFor), 找不到合适的方法
    Codec<PhaseEffect> CODEC = Codec.STRING.dispatch(
                                           ^
    方法 Codec.<E#1>dispatch(Function<? super E#1,? extends String>,Function<? super String,? extends Codec<? extends E#1>>)不适用
      (无法推断类型变量 E#1
        (参数不匹配; 方法引用中的返回类型错误
          MapCodec<? extends PhaseEffect>无法转换为Codec<? extends E#1>))
    方法 Codec.<E#2>dispatch(String,Function<? super E#2,? extends String>,Function<? super String,? extends Codec<? extends E#2>>)不适用
      (无法推断类型变量 E#2
        (实际参数列表和形式参数列表长度不同))
  其中, E#1,A,E#2是类型变量:
    E#1扩展已在方法 <E#1>dispatch(Function<? super E#1,? extends A>,Function<? super A,? extends Codec<? extends E#1>>)中声明的Object
    A扩展已在接口 Codec中声明的Object
    E#2扩展已在方法 <E#2>dispatch(String,Function<? super E#2,? extends A>,Function<? super A,? extends Codec<? extends E#2>>)中声明的Object
注: E:\dev\champions-unofficial-arch\common\src\main\java\top\theillusivec4\champions\common\client\ChampionsOverlay.java使用或覆盖了已过时的 API。
注: 有关详细信息, 请使用 -Xlint:deprecation 重新编译。
注: 某些消息已经过简化; 请使用 -Xdiags:verbose 重新编译以获得完整输出
100 个错误

> Task :common:compileJava FAILED

[Incubating] Problems report is available at: file:///E:/dev/champions-unofficial-arch/build/reports/problems/problems-report.html

FAILURE: Build failed with an exception.

* What went wrong:
Execution failed for task ':common:compileJava'.
> Compilation failed; see the compiler output below.
  注: E:\dev\champions-unofficial-arch\common\src\main\java\top\theillusivec4\champions\common\client\ChampionsOverlay.java使用或覆盖了已过时的 API。
  E:\dev\champions-unofficial-arch\common\src\main\java\top\theillusivec4\champions\common\filter\EntityFilter.java:44: 错误: 对于dispatch(EntityFilt[...]peKey,EntityFilt[...]ecFor), 找不到合适的方法
      Codec<EntityFilter> CODEC = Codec.STRING.dispatch(
                                              ^
      方法 Codec.<E#1>dispatch(Function<? super E#1,? extends String>,Function<? super String,? extends Codec<? extends E#1>>)不适用
        (无法推断类型变量 E#1
          (参数不匹配; 方法引用中的返回类型错误
            MapCodec<? extends EntityFilter>无法转换为Codec<? extends E#1>))
      方法 Codec.<E#2>dispatch(String,Function<? super E#2,? extends String>,Function<? super String,? extends Codec<? extends E#2>>)不适用
        (无法推断类型变量 E#2
          (实际参数列表和形式参数列表长度不同))
    其中, E#1,A,E#2是类型变量:
      E#1扩展已在方法 <E#1>dispatch(Function<? super E#1,? extends A>,Function<? super A,? extends Codec<? extends E#1>>)中声明的Object
      A扩展已在接口 Codec中声明的Object
      E#2扩展已在方法 <E#2>dispatch(String,Function<? super E#2,? extends A>,Function<? super A,? extends Codec<? extends E#2>>)中声明的Object
  E:\dev\champions-unofficial-arch\common\src\main\java\top\theillusivec4\champions\common\filter\EntityFilter.java:169: 错误: 对于getHolder(ResourceLocation), 找不到合适的方法
              var attr = BuiltInRegistries.ATTRIBUTE.getHolder(attribute);
                                                    ^
      方法 Registry.getHolder(int)不适用
        (参数不匹配; ResourceLocation无法转换为int)
      方法 Registry.getHolder(ResourceKey<Attribute>)不适用
        (参数不匹配; ResourceLocation无法转换为ResourceKey<Attribute>)
  E:\dev\champions-unofficial-arch\common\src\main\java\top\theillusivec4\champions\common\phase\PhaseCondition.java:22: 错误: 对于dispatch(PhaseCondi[...]peKey,PhaseCondi[...]ecFor), 找不到合适的方法
      Codec<PhaseCondition> CODEC = Codec.STRING.dispatch(
                                                ^
      方法 Codec.<E#1>dispatch(Function<? super E#1,? extends String>,Function<? super String,? extends Codec<? extends E#1>>)不适用
        (无法推断类型变量 E#1
          (参数不匹配; 方法引用中的返回类型错误
            MapCodec<? extends PhaseCondition>无法转换为Codec<? extends E#1>))
      方法 Codec.<E#2>dispatch(String,Function<? super E#2,? extends String>,Function<? super String,? extends Codec<? extends E#2>>)不适用
        (无法推断类型变量 E#2
          (实际参数列表和形式参数列表长度不同))
    其中, E#1,A,E#2是类型变量:
      E#1扩展已在方法 <E#1>dispatch(Function<? super E#1,? extends A>,Function<? super A,? extends Codec<? extends E#1>>)中声明的Object
      A扩展已在接口 Codec中声明的Object
      E#2扩展已在方法 <E#2>dispatch(String,Function<? super E#2,? extends A>,Function<? super A,? extends Codec<? extends E#2>>)中声明的Object
  E:\dev\champions-unofficial-arch\common\src\main\java\top\theillusivec4\champions\common\phase\PhaseEffect.java:37: 错误: 对于dispatch(PhaseEffec[...]peKey,PhaseEffec[...]ecFor), 找不到合适的方法
      Codec<PhaseEffect> CODEC = Codec.STRING.dispatch(
                                             ^
      方法 Codec.<E#1>dispatch(Function<? super E#1,? extends String>,Function<? super String,? extends Codec<? extends E#1>>)不适用
        (无法推断类型变量 E#1
          (参数不匹配; 方法引用中的返回类型错误
            MapCodec<? extends PhaseEffect>无法转换为Codec<? extends E#1>))
      方法 Codec.<E#2>dispatch(String,Function<? super E#2,? extends String>,Function<? super String,? extends Codec<? extends E#2>>)不适用
        (无法推断类型变量 E#2
          (实际参数列表和形式参数列表长度不同))
    其中, E#1,A,E#2是类型变量:
      E#1扩展已在方法 <E#1>dispatch(Function<? super E#1,? extends A>,Function<? super A,? extends Codec<? extends E#1>>)中声明的Object
      A扩展已在接口 Codec中声明的Object
      E#2扩展已在方法 <E#2>dispatch(String,Function<? super E#2,? extends A>,Function<? super A,? extends Codec<? extends E#2>>)中声明的Object
  注: 有关详细信息, 请使用 -Xlint:deprecation 重新编译。
  E:\dev\champions-unofficial-arch\common\src\main\java\top\theillusivec4\champions\common\affix\builtin\spawn_tick_affixes\HastyAffix.java:41: 错误: 不兼容的类型: ResourceLocation无法转换为UUID
          if (attr.getModifier(MODIFIER_ID) != null) return; // already applied
                               ^
  E:\dev\champions-unofficial-arch\common\src\main\java\top\theillusivec4\champions\common\affix\builtin\spawn_tick_affixes\MoltenAffix.java:11: 错误: 找不到符号
  import net.minecraft.world.level.pathfinder.PathType;
                                             ^
    符号:   类 PathType
    位置: 程序包 net.minecraft.world.level.pathfinder
  E:\dev\champions-unofficial-arch\common\src\main\java\top\theillusivec4\champions\common\affix\builtin\spawn_tick_affixes\PlaguedAffix.java:3: 错误: 找不到符号
  import net.minecraft.core.particles.ColorParticleOption;
                                     ^
    符号:   类 ColorParticleOption
    位置: 程序包 net.minecraft.core.particles
  E:\dev\champions-unofficial-arch\common\src\main\java\top\theillusivec4\champions\common\client\ChampionsOverlay.java:4: 错误: 找不到符号
  import net.minecraft.client.DeltaTracker;
                             ^
    符号:   类 DeltaTracker
    位置: 程序包 net.minecraft.client
  E:\dev\champions-unofficial-arch\common\src\main\java\top\theillusivec4\champions\common\client\ChampionsOverlay.java:7: 错误: 找不到符号
  import net.minecraft.client.gui.LayeredDraw;
                                 ^
    符号:   类 LayeredDraw
    位置: 程序包 net.minecraft.client.gui
  E:\dev\champions-unofficial-arch\common\src\main\java\top\theillusivec4\champions\common\client\ChampionsOverlay.java:20: 错误: 找不到符号
    public void render(@NotNull GuiGraphics gui, @NotNull DeltaTracker delta) {
                                                          ^
    符号:   类 DeltaTracker
    位置: 类 ChampionsOverlay
  E:\dev\champions-unofficial-arch\common\src\main\java\top\theillusivec4\champions\common\network\EditorPayload.java:38: 错误: 找不到符号
      private static final StreamCodec<FriendlyByteBuf, Map<String, String>> STRING_MAP_CODEC =
                           ^
    符号:   类 StreamCodec
    位置: 类 EditorPayload
  E:\dev\champions-unofficial-arch\common\src\main\java\top\theillusivec4\champions\common\network\EditorPayload.java:52: 错误: 找不到符号
      private static final StreamCodec<FriendlyByteBuf, Set<String>> STRING_SET_CODEC =
                           ^
    符号:   类 StreamCodec
    位置: 类 EditorPayload
  E:\dev\champions-unofficial-arch\common\src\main\java\top\theillusivec4\champions\common\network\EditorPayload.java:66: 错误: 找不到符号
      public static final StreamCodec<FriendlyByteBuf, EditorPayload> STREAM_CODEC =
                          ^
    符号:   类 StreamCodec
    位置: 类 EditorPayload
  E:\dev\champions-unofficial-arch\common\src\main\java\top\theillusivec4\champions\common\config\ChampionConfigSpec.java:25: 错误: 找不到符号
      public static final ModConfigSpec SPEC;
                          ^
    符号:   类 ModConfigSpec
    位置: 类 ChampionConfigSpec
  E:\dev\champions-unofficial-arch\common\src\main\java\top\theillusivec4\champions\common\entity\ArcticBulletEntity.java:47: 错误: 找不到符号
      protected void defineSynchedData(SynchedEntityData.@NotNull Builder builder) {
                                                        ^
    符号:   类 Builder
    位置: 类 SynchedEntityData
  E:\dev\champions-unofficial-arch\common\src\main\java\top\theillusivec4\champions\common\entity\EnkindlingBulletEntity.java:45: 错误: 找不到符号
      protected void defineSynchedData(SynchedEntityData.@NotNull Builder builder) {
                                                        ^
    符号:   类 Builder
    位置: 类 SynchedEntityData
  E:\dev\champions-unofficial-arch\common\src\main\java\top\theillusivec4\champions\common\integration\jade\ChampionComponentProvider.java:9: 错误: 找不到符号
  import snownee.jade.api.JadeIds;
                         ^
    符号:   类 JadeIds
    位置: 程序包 snownee.jade.api
  E:\dev\champions-unofficial-arch\common\src\main\java\top\theillusivec4\champions\common\network\ChampionClearPacket.java:16: 错误: 找不到符号
      public static final Type<ChampionClearPacket> TYPE = new Type<>(
                          ^
    符号:   类 Type
    位置: 类 ChampionClearPacket
  E:\dev\champions-unofficial-arch\common\src\main\java\top\theillusivec4\champions\common\network\ChampionClearPacket.java:19: 错误: 找不到符号
      public static final StreamCodec<ByteBuf, ChampionClearPacket> STREAM_CODEC =
                          ^
    符号:   类 StreamCodec
    位置: 类 ChampionClearPacket
  E:\dev\champions-unofficial-arch\common\src\main\java\top\theillusivec4\champions\common\network\ChampionClearPacket.java:23: 错误: 找不到符号
      public Type<? extends CustomPacketPayload> type() {
             ^
    符号:   类 Type
    位置: 类 ChampionClearPacket
  E:\dev\champions-unofficial-arch\common\src\main\java\top\theillusivec4\champions\common\network\ChampionClearPacket.java:23: 错误: 找不到符号
      public Type<? extends CustomPacketPayload> type() {
                            ^
    符号:   类 CustomPacketPayload
    位置: 类 ChampionClearPacket
  E:\dev\champions-unofficial-arch\common\src\main\java\top\theillusivec4\champions\common\network\ChampionSyncData.java:34: 错误: 找不到符号
      public static final StreamCodec<FriendlyByteBuf, ChampionSyncData> STREAM_CODEC =
                          ^
    符号:   类 StreamCodec
    位置: 类 ChampionSyncData
  E:\dev\champions-unofficial-arch\common\src\main\java\top\theillusivec4\champions\common\network\ChampionSyncData.java:81: 错误: 找不到符号
          public static final StreamCodec<FriendlyByteBuf, AffixSyncEntry> STREAM_CODEC =
                              ^
    符号:   类 StreamCodec
    位置: 类 AffixSyncEntry
  E:\dev\champions-unofficial-arch\common\src\main\java\top\theillusivec4\champions\common\network\OpenEditorPacket.java:14: 错误: 找不到符号
      public static final Type<OpenEditorPacket> TYPE = new Type<>(
                          ^
    符号:   类 Type
    位置: 类 OpenEditorPacket
  E:\dev\champions-unofficial-arch\common\src\main\java\top\theillusivec4\champions\common\network\OpenEditorPacket.java:17: 错误: 找不到符号
      public static final StreamCodec<FriendlyByteBuf, OpenEditorPacket> STREAM_CODEC =
                          ^
    符号:   类 StreamCodec
    位置: 类 OpenEditorPacket
  E:\dev\champions-unofficial-arch\common\src\main\java\top\theillusivec4\champions\common\network\OpenEditorPacket.java:21: 错误: 找不到符号
      public @NotNull Type<? extends CustomPacketPayload> type() { return TYPE; }
                      ^
    符号:   类 Type
    位置: 类 OpenEditorPacket
  E:\dev\champions-unofficial-arch\common\src\main\java\top\theillusivec4\champions\common\network\OpenEditorPacket.java:21: 错误: 找不到符号
      public @NotNull Type<? extends CustomPacketPayload> type() { return TYPE; }
                                     ^
    符号:   类 CustomPacketPayload
    位置: 类 OpenEditorPacket
  E:\dev\champions-unofficial-arch\common\src\main\java\top\theillusivec4\champions\common\network\SaveEditorPacket.java:13: 错误: 找不到符号
      public static final Type<SaveEditorPacket> TYPE = new Type<>(
                          ^
    符号:   类 Type
    位置: 类 SaveEditorPacket
  E:\dev\champions-unofficial-arch\common\src\main\java\top\theillusivec4\champions\common\network\SaveEditorPacket.java:16: 错误: 找不到符号
      public static final StreamCodec<FriendlyByteBuf, SaveEditorPacket> STREAM_CODEC =
                          ^
    符号:   类 StreamCodec
    位置: 类 SaveEditorPacket
  E:\dev\champions-unofficial-arch\common\src\main\java\top\theillusivec4\champions\common\network\SaveEditorPacket.java:20: 错误: 找不到符号
      public Type<? extends CustomPacketPayload> type() { return TYPE; }
             ^
    符号:   类 Type
    位置: 类 SaveEditorPacket
  E:\dev\champions-unofficial-arch\common\src\main\java\top\theillusivec4\champions\common\network\SaveEditorPacket.java:20: 错误: 找不到符号
      public Type<? extends CustomPacketPayload> type() { return TYPE; }
                            ^
    符号:   类 CustomPacketPayload
    位置: 类 SaveEditorPacket
  E:\dev\champions-unofficial-arch\common\src\main\java\top\theillusivec4\champions\common\affix\builtin\spawn_tick_affixes\HastyAffix.java:47: 错误: 找不到符号
                  AttributeModifier.Operation.ADD_VALUE
                                             ^
    符号:   变量 ADD_VALUE
    位置: 类 Operation
  E:\dev\champions-unofficial-arch\common\src\main\java\top\theillusivec4\champions\common\affix\builtin\spawn_tick_affixes\MoltenAffix.java:46: 错误: 找不到符号
                  mob.setPathfindingMalus(PathType.WATER, -1f);
                                          ^
    符号:   变量 PathType
    位置: 类 MoltenAffix
  E:\dev\champions-unofficial-arch\common\src\main\java\top\theillusivec4\champions\common\affix\builtin\spawn_tick_affixes\MoltenAffix.java:47: 错误: 找不到符号
                  mob.setPathfindingMalus(PathType.LAVA, 8f);
                                          ^
    符号:   变量 PathType
    位置: 类 MoltenAffix
  E:\dev\champions-unofficial-arch\common\src\main\java\top\theillusivec4\champions\common\affix\builtin\spawn_tick_affixes\MoltenAffix.java:48: 错误: 找不到符号
                  mob.setPathfindingMalus(PathType.DANGER_FIRE, 0f);
                                          ^
    符号:   变量 PathType
    位置: 类 MoltenAffix
  E:\dev\champions-unofficial-arch\common\src\main\java\top\theillusivec4\champions\common\affix\builtin\spawn_tick_affixes\MoltenAffix.java:49: 错误: 找不到符号
                  mob.setPathfindingMalus(PathType.DAMAGE_FIRE, 0f);
                                          ^
    符号:   变量 PathType
    位置: 类 MoltenAffix
  E:\dev\champions-unofficial-arch\common\src\main\java\top\theillusivec4\champions\common\affix\builtin\spawn_tick_affixes\PlaguedAffix.java:55: 错误: 找不到符号
                          ColorParticleOption.create(ParticleTypes.ENTITY_EFFECT, 0x55FF55),
                          ^
    符号:   变量 ColorParticleOption
    位置: 类 PlaguedAffix
  注: 某些消息已经过简化; 请使用 -Xdiags:verbose 重新编译以获得完整输出
  E:\dev\champions-unofficial-arch\common\src\main\java\top\theillusivec4\champions\common\network\ChampionClearPacket.java:14: 错误: 找不到符号
  public record ChampionClearPacket(int entityId) implements CustomPacketPayload {
                                                             ^
    符号: 类 CustomPacketPayload
  E:\dev\champions-unofficial-arch\common\src\main\java\top\theillusivec4\champions\common\network\OpenEditorPacket.java:12: 错误: 找不到符号
  public record OpenEditorPacket(EditorPayload payload) implements CustomPacketPayload {
                                                                   ^
    符号: 类 CustomPacketPayload
  E:\dev\champions-unofficial-arch\common\src\main\java\top\theillusivec4\champions\common\network\SaveEditorPacket.java:11: 错误: 找不到符号
  public record SaveEditorPacket(EditorPayload payload) implements CustomPacketPayload {
                                                                   ^
    符号: 类 CustomPacketPayload
  E:\dev\champions-unofficial-arch\common\src\main\java\top\theillusivec4\champions\common\affix\builtin\StatelessCombatAffixes\DampeningAffix.java:19: 错误: 找不到符号
              if (!evt.source().isDirect()) return;
                               ^
    符号:   方法 isDirect()
    位置: 类 DamageSource
  E:\dev\champions-unofficial-arch\common\src\main\java\top\theillusivec4\champions\common\client\ChampionsOverlay.java:14: 错误: 程序包LayeredDraw不存在
  public final class ChampionsOverlay implements LayeredDraw.Layer {
                                                            ^
  E:\dev\champions-unofficial-arch\common\src\main\java\top\theillusivec4\champions\common\network\EditorPayload.java:7: 错误: 程序包net.minecraft.network.codec不存在
  import net.minecraft.network.codec.StreamCodec;
                                    ^
  E:\dev\champions-unofficial-arch\common\src\main\java\top\theillusivec4\champions\common\config\ChampionConfigSpec.java:3: 错误: 程序包net.neoforged.neoforge.common不存在
  import net.neoforged.neoforge.common.ModConfigSpec;
                                      ^
  E:\dev\champions-unofficial-arch\common\src\main\java\top\theillusivec4\champions\common\config\ChampionConfigSpec.java:99: 错误: 程序包ModConfigSpec不存在
          final ModConfigSpec.DoubleValue  spawnChance;
                             ^
  E:\dev\champions-unofficial-arch\common\src\main\java\top\theillusivec4\champions\common\config\ChampionConfigSpec.java:100: 错误: 程序包ModConfigSpec不存在
          final ModConfigSpec.IntValue     beaconProtectionRange;
                             ^
  E:\dev\champions-unofficial-arch\common\src\main\java\top\theillusivec4\champions\common\config\ChampionConfigSpec.java:101: 错误: 程序包ModConfigSpec不存在
          final ModConfigSpec.BooleanValue championSpawners;
                             ^
  E:\dev\champions-unofficial-arch\common\src\main\java\top\theillusivec4\champions\common\config\ChampionConfigSpec.java:102: 错误: 程序包ModConfigSpec不存在
          final ModConfigSpec.BooleanValue championTrialSpawners;
                             ^
  E:\dev\champions-unofficial-arch\common\src\main\java\top\theillusivec4\champions\common\config\ChampionConfigSpec.java:104: 错误: 程序包ModConfigSpec不存在
          final ModConfigSpec.BooleanValue showHud;
                             ^
  E:\dev\champions-unofficial-arch\common\src\main\java\top\theillusivec4\champions\common\config\ChampionConfigSpec.java:105: 错误: 程序包ModConfigSpec不存在
          final ModConfigSpec.BooleanValue showParticles;
                             ^
  E:\dev\champions-unofficial-arch\common\src\main\java\top\theillusivec4\champions\common\config\ChampionConfigSpec.java:106: 错误: 程序包ModConfigSpec不存在
          final ModConfigSpec.ConfigValue<List<? extends String>> bossBarBlacklist;
                             ^
  E:\dev\champions-unofficial-arch\common\src\main\java\top\theillusivec4\champions\common\config\ChampionConfigSpec.java:108: 错误: 程序包ModConfigSpec不存在
          final ModConfigSpec.IntValue experienceGrowth;
                             ^
  E:\dev\champions-unofficial-arch\common\src\main\java\top\theillusivec4\champions\common\config\ChampionConfigSpec.java:109: 错误: 程序包ModConfigSpec不存在
          final ModConfigSpec.IntValue explosionGrowth;
                             ^
  E:\dev\champions-unofficial-arch\common\src\main\java\top\theillusivec4\champions\common\config\ChampionConfigSpec.java:111: 错误: 程序包ModConfigSpec不存在
          final ModConfigSpec.ConfigValue<List<? extends String>> lootDrops;
                             ^
  E:\dev\champions-unofficial-arch\common\src\main\java\top\theillusivec4\champions\common\config\ChampionConfigSpec.java:112: 错误: 程序包ModConfigSpec不存在
          final ModConfigSpec.BooleanValue lootScaling;
                             ^
  E:\dev\champions-unofficial-arch\common\src\main\java\top\theillusivec4\champions\common\config\ChampionConfigSpec.java:114: 错误: 程序包ModConfigSpec不存在
          final ModConfigSpec.BooleanValue mobInherit;
                             ^
  E:\dev\champions-unofficial-arch\common\src\main\java\top\theillusivec4\champions\common\config\ChampionConfigSpec.java:115: 错误: 程序包ModConfigSpec不存在
          final ModConfigSpec.IntValue     rankReduce;
                             ^
  E:\dev\champions-unofficial-arch\common\src\main\java\top\theillusivec4\champions\common\config\ChampionConfigSpec.java:116: 错误: 程序包ModConfigSpec不存在
          final ModConfigSpec.BooleanValue canHaveInfestedAffix;
                             ^
  E:\dev\champions-unofficial-arch\common\src\main\java\top\theillusivec4\champions\common\config\ChampionConfigSpec.java:118: 错误: 程序包ModConfigSpec不存在
          final ModConfigSpec.DoubleValue  adaptableReductionIncrement;
                             ^
  E:\dev\champions-unofficial-arch\common\src\main\java\top\theillusivec4\champions\common\config\ChampionConfigSpec.java:119: 错误: 程序包ModConfigSpec不存在
          final ModConfigSpec.DoubleValue  adaptableMaxReduction;
                             ^
  E:\dev\champions-unofficial-arch\common\src\main\java\top\theillusivec4\champions\common\config\ChampionConfigSpec.java:120: 错误: 程序包ModConfigSpec不存在
          final ModConfigSpec.IntValue     arcticAttackInterval;
                             ^
  E:\dev\champions-unofficial-arch\common\src\main\java\top\theillusivec4\champions\common\config\ChampionConfigSpec.java:121: 错误: 程序包ModConfigSpec不存在
          final ModConfigSpec.IntValue     enkindlingAttackInterval;
                             ^
  E:\dev\champions-unofficial-arch\common\src\main\java\top\theillusivec4\champions\common\config\ChampionConfigSpec.java:122: 错误: 程序包ModConfigSpec不存在
          final ModConfigSpec.DoubleValue  dampeningReduction;
                             ^
  E:\dev\champions-unofficial-arch\common\src\main\java\top\theillusivec4\champions\common\config\ChampionConfigSpec.java:123: 错误: 程序包ModConfigSpec不存在
          final ModConfigSpec.IntValue     desecratingInterval;
                             ^
  E:\dev\champions-unofficial-arch\common\src\main\java\top\theillusivec4\champions\common\config\ChampionConfigSpec.java:124: 错误: 程序包ModConfigSpec不存在
          final ModConfigSpec.IntValue     desecratingActivationTime;
                             ^
  E:\dev\champions-unofficial-arch\common\src\main\java\top\theillusivec4\champions\common\config\ChampionConfigSpec.java:125: 错误: 程序包ModConfigSpec不存在
          final ModConfigSpec.DoubleValue  desecratingRadius;
                             ^
  E:\dev\champions-unofficial-arch\common\src\main\java\top\theillusivec4\champions\common\config\ChampionConfigSpec.java:126: 错误: 程序包ModConfigSpec不存在
          final ModConfigSpec.IntValue     desecratingDuration;
                             ^
  E:\dev\champions-unofficial-arch\common\src\main\java\top\theillusivec4\champions\common\config\ChampionConfigSpec.java:127: 错误: 程序包ModConfigSpec不存在
          final ModConfigSpec.DoubleValue  hastySpeedBonus;
                             ^
  E:\dev\champions-unofficial-arch\common\src\main\java\top\theillusivec4\champions\common\config\ChampionConfigSpec.java:128: 错误: 程序包ModConfigSpec不存在
          final ModConfigSpec.IntValue     infestedAmount;
                             ^
  E:\dev\champions-unofficial-arch\common\src\main\java\top\theillusivec4\champions\common\config\ChampionConfigSpec.java:129: 错误: 程序包ModConfigSpec不存在
          final ModConfigSpec.IntValue     infestedInterval;
                             ^
  E:\dev\champions-unofficial-arch\common\src\main\java\top\theillusivec4\champions\common\config\ChampionConfigSpec.java:130: 错误: 程序包ModConfigSpec不存在
          final ModConfigSpec.ConfigValue<String> infestedParasite;
                             ^
  E:\dev\champions-unofficial-arch\common\src\main\java\top\theillusivec4\champions\common\config\ChampionConfigSpec.java:131: 错误: 程序包ModConfigSpec不存在
          final ModConfigSpec.DoubleValue  knockingKnockback;
                             ^
  E:\dev\champions-unofficial-arch\common\src\main\java\top\theillusivec4\champions\common\config\ChampionConfigSpec.java:132: 错误: 程序包ModConfigSpec不存在
          final ModConfigSpec.DoubleValue  livelyHealAmount;
                             ^
  E:\dev\champions-unofficial-arch\common\src\main\java\top\theillusivec4\champions\common\config\ChampionConfigSpec.java:133: 错误: 程序包ModConfigSpec不存在
          final ModConfigSpec.DoubleValue  livelyPassiveMultiplier;
                             ^
  E:\dev\champions-unofficial-arch\common\src\main\java\top\theillusivec4\champions\common\config\ChampionConfigSpec.java:134: 错误: 程序包ModConfigSpec不存在
          final ModConfigSpec.IntValue     livelyCooldown;
                             ^
  E:\dev\champions-unofficial-arch\common\src\main\java\top\theillusivec4\champions\common\config\ChampionConfigSpec.java:135: 错误: 程序包ModConfigSpec不存在
          final ModConfigSpec.DoubleValue  magneticStrength;
                             ^
  E:\dev\champions-unofficial-arch\common\src\main\java\top\theillusivec4\champions\common\config\ChampionConfigSpec.java:136: 错误: 程序包ModConfigSpec不存在
          final ModConfigSpec.DoubleValue  magneticPullRange;
                             ^
  E:\dev\champions-unofficial-arch\common\src\main\java\top\theillusivec4\champions\common\config\ChampionConfigSpec.java:137: 错误: 程序包ModConfigSpec不存在
          final ModConfigSpec.IntValue     moltenFireTicks;
                             ^
  E:\dev\champions-unofficial-arch\common\src\main\java\top\theillusivec4\champions\common\config\ChampionConfigSpec.java:138: 错误: 程序包ModConfigSpec不存在
          final ModConfigSpec.DoubleValue  moltenAuraDamage;
                             ^
  E:\dev\champions-unofficial-arch\common\src\main\java\top\theillusivec4\champions\common\config\ChampionConfigSpec.java:139: 错误: 程序包ModConfigSpec不存在
          final ModConfigSpec.DoubleValue  moltenAuraRange;
                             ^
  E:\dev\champions-unofficial-arch\common\src\main\java\top\theillusivec4\champions\common\config\ChampionConfigSpec.java:140: 错误: 程序包ModConfigSpec不存在
          final ModConfigSpec.DoubleValue  paralyzingChance;
                             ^
  E:\dev\champions-unofficial-arch\common\src\main\java\top\theillusivec4\champions\common\config\ChampionConfigSpec.java:141: 错误: 程序包ModConfigSpec不存在
          final ModConfigSpec.IntValue     paralyzingDuration;
                             ^
  E:\dev\champions-unofficial-arch\common\src\main\java\top\theillusivec4\champions\common\config\ChampionConfigSpec.java:142: 错误: 程序包ModConfigSpec不存在
          final ModConfigSpec.DoubleValue  plaguedRange;
                             ^
  E:\dev\champions-unofficial-arch\common\src\main\java\top\theillusivec4\champions\common\config\ChampionConfigSpec.java:143: 错误: 程序包ModConfigSpec不存在
          final ModConfigSpec.DoubleValue  reflectiveMinPercent;
                             ^
  E:\dev\champions-unofficial-arch\common\src\main\java\top\theillusivec4\champions\common\config\ChampionConfigSpec.java:144: 错误: 程序包ModConfigSpec不存在
          final ModConfigSpec.DoubleValue  reflectiveMaxPercent;
                             ^
  E:\dev\champions-unofficial-arch\common\src\main\java\top\theillusivec4\champions\common\config\ChampionConfigSpec.java:145: 错误: 程序包ModConfigSpec不存在
          final ModConfigSpec.DoubleValue  reflectiveMax;
                             ^
  E:\dev\champions-unofficial-arch\common\src\main\java\top\theillusivec4\champions\common\config\ChampionConfigSpec.java:146: 错误: 程序包ModConfigSpec不存在
          final ModConfigSpec.BooleanValue reflectiveLethal;
                             ^
  E:\dev\champions-unofficial-arch\common\src\main\java\top\theillusivec4\champions\common\config\ChampionConfigSpec.java:147: 错误: 程序包ModConfigSpec不存在
          final ModConfigSpec.DoubleValue  shieldingChance;
                             ^
  E:\dev\champions-unofficial-arch\common\src\main\java\top\theillusivec4\champions\common\config\ChampionConfigSpec.java:148: 错误: 程序包ModConfigSpec不存在
          final ModConfigSpec.DoubleValue  woundingChance;
                             ^
  E:\dev\champions-unofficial-arch\common\src\main\java\top\theillusivec4\champions\common\config\ChampionConfigSpec.java:149: 错误: 程序包ModConfigSpec不存在
          final ModConfigSpec.IntValue     woundingDuration;
                             ^
  E:\dev\champions-unofficial-arch\common\src\main\java\top\theillusivec4\champions\common\config\ChampionConfigSpec.java:151: 错误: 程序包ModConfigSpec不存在
          Entries(ModConfigSpec.Builder b) {
                               ^
  E:\dev\champions-unofficial-arch\common\src\main\java\top\theillusivec4\champions\common\network\ChampionClearPacket.java:5: 错误: 程序包net.minecraft.network.codec不存在
  import net.minecraft.network.codec.ByteBufCodecs;
                                    ^
  E:\dev\champions-unofficial-arch\common\src\main\java\top\theillusivec4\champions\common\network\ChampionClearPacket.java:6: 错误: 程序包net.minecraft.network.codec不存在
  import net.minecraft.network.codec.StreamCodec;
                                    ^
  E:\dev\champions-unofficial-arch\common\src\main\java\top\theillusivec4\champions\common\network\ChampionClearPacket.java:7: 错误: 程序包net.minecraft.network.protocol.common.custom不存在
  import net.minecraft.network.protocol.common.custom.CustomPacketPayload;
                                                     ^
  E:\dev\champions-unofficial-arch\common\src\main\java\top\theillusivec4\champions\common\network\ChampionSyncData.java:5: 错误: 程序包net.minecraft.network.codec不存在
  import net.minecraft.network.codec.ByteBufCodecs;
                                    ^
  E:\dev\champions-unofficial-arch\common\src\main\java\top\theillusivec4\champions\common\network\ChampionSyncData.java:6: 错误: 程序包net.minecraft.network.codec不存在
  import net.minecraft.network.codec.StreamCodec;
                                    ^
  E:\dev\champions-unofficial-arch\common\src\main\java\top\theillusivec4\champions\common\network\OpenEditorPacket.java:4: 错误: 程序包net.minecraft.network.codec不存在
  import net.minecraft.network.codec.StreamCodec;
                                    ^
  E:\dev\champions-unofficial-arch\common\src\main\java\top\theillusivec4\champions\common\network\OpenEditorPacket.java:5: 错误: 程序包net.minecraft.network.protocol.common.custom不存在
  import net.minecraft.network.protocol.common.custom.CustomPacketPayload;
                                                     ^
  E:\dev\champions-unofficial-arch\common\src\main\java\top\theillusivec4\champions\common\network\SaveEditorPacket.java:4: 错误: 程序包net.minecraft.network.codec不存在
  import net.minecraft.network.codec.StreamCodec;
                                    ^
  E:\dev\champions-unofficial-arch\common\src\main\java\top\theillusivec4\champions\common\network\SaveEditorPacket.java:5: 错误: 程序包net.minecraft.network.protocol.common.custom不存在
  import net.minecraft.network.protocol.common.custom.CustomPacketPayload;
                                                     ^
  100 个错误

* Try:
> Check your code and dependencies to fix the compilation error(s)
> Run with --scan to get full insights.

* Exception is:
org.gradle.api.tasks.TaskExecutionException: Execution failed for task ':common:compileJava'.
	at org.gradle.api.internal.tasks.execution.ExecuteActionsTaskExecuter.lambda$executeIfValid$1(ExecuteActionsTaskExecuter.java:130)
	at org.gradle.internal.Try$Failure.ifSuccessfulOrElse(Try.java:293)
	at org.gradle.api.internal.tasks.execution.ExecuteActionsTaskExecuter.executeIfValid(ExecuteActionsTaskExecuter.java:128)
	at org.gradle.api.internal.tasks.execution.ExecuteActionsTaskExecuter.execute(ExecuteActionsTaskExecuter.java:116)
	at org.gradle.api.internal.tasks.execution.ProblemsTaskPathTrackingTaskExecuter.execute(ProblemsTaskPathTrackingTaskExecuter.java:41)
	at org.gradle.api.internal.tasks.execution.FinalizePropertiesTaskExecuter.execute(FinalizePropertiesTaskExecuter.java:46)
	at org.gradle.api.internal.tasks.execution.ResolveTaskExecutionModeExecuter.execute(ResolveTaskExecutionModeExecuter.java:51)
	at org.gradle.api.internal.tasks.execution.SkipTaskWithNoActionsExecuter.execute(SkipTaskWithNoActionsExecuter.java:57)
	at org.gradle.api.internal.tasks.execution.SkipOnlyIfTaskExecuter.execute(SkipOnlyIfTaskExecuter.java:74)
	at org.gradle.api.internal.tasks.execution.CatchExceptionTaskExecuter.execute(CatchExceptionTaskExecuter.java:36)
	at org.gradle.api.internal.tasks.execution.EventFiringTaskExecuter$1.executeTask(EventFiringTaskExecuter.java:77)
	at org.gradle.api.internal.tasks.execution.EventFiringTaskExecuter$1.call(EventFiringTaskExecuter.java:55)
	at org.gradle.api.internal.tasks.execution.EventFiringTaskExecuter$1.call(EventFiringTaskExecuter.java:52)
	at org.gradle.internal.operations.DefaultBuildOperationRunner$CallableBuildOperationWorker.execute(DefaultBuildOperationRunner.java:210)
	at org.gradle.internal.operations.DefaultBuildOperationRunner$CallableBuildOperationWorker.execute(DefaultBuildOperationRunner.java:205)
	at org.gradle.internal.operations.DefaultBuildOperationRunner$2.execute(DefaultBuildOperationRunner.java:67)
	at org.gradle.internal.operations.DefaultBuildOperationRunner$2.execute(DefaultBuildOperationRunner.java:60)
	at org.gradle.internal.operations.DefaultBuildOperationRunner.execute(DefaultBuildOperationRunner.java:167)
	at org.gradle.internal.operations.DefaultBuildOperationRunner.execute(DefaultBuildOperationRunner.java:60)
	at org.gradle.internal.operations.DefaultBuildOperationRunner.call(DefaultBuildOperationRunner.java:54)
	at org.gradle.api.internal.tasks.execution.EventFiringTaskExecuter.execute(EventFiringTaskExecuter.java:52)
	at org.gradle.execution.plan.LocalTaskNodeExecutor.execute(LocalTaskNodeExecutor.java:42)
	at org.gradle.execution.taskgraph.DefaultTaskExecutionGraph$InvokeNodeExecutorsAction.execute(DefaultTaskExecutionGraph.java:331)
	at org.gradle.execution.taskgraph.DefaultTaskExecutionGraph$InvokeNodeExecutorsAction.execute(DefaultTaskExecutionGraph.java:318)
	at org.gradle.execution.taskgraph.DefaultTaskExecutionGraph$BuildOperationAwareExecutionAction.lambda$execute$0(DefaultTaskExecutionGraph.java:314)
	at org.gradle.internal.operations.CurrentBuildOperationRef.with(CurrentBuildOperationRef.java:85)
	at org.gradle.execution.taskgraph.DefaultTaskExecutionGraph$BuildOperationAwareExecutionAction.execute(DefaultTaskExecutionGraph.java:314)
	at org.gradle.execution.taskgraph.DefaultTaskExecutionGraph$BuildOperationAwareExecutionAction.execute(DefaultTaskExecutionGraph.java:303)
	at org.gradle.execution.plan.DefaultPlanExecutor$ExecutorWorker.execute(DefaultPlanExecutor.java:459)
	at org.gradle.execution.plan.DefaultPlanExecutor$ExecutorWorker.run(DefaultPlanExecutor.java:376)
	at org.gradle.internal.concurrent.ExecutorPolicy$CatchAndRecordFailures.onExecute(ExecutorPolicy.java:64)
	at org.gradle.internal.concurrent.AbstractManagedExecutor$1.run(AbstractManagedExecutor.java:48)
Caused by: org.gradle.api.internal.tasks.compile.CompilationFailedException: Compilation failed; see the compiler output below.
注: E:\dev\champions-unofficial-arch\common\src\main\java\top\theillusivec4\champions\common\client\ChampionsOverlay.java使用或覆盖了已过时的 API。
E:\dev\champions-unofficial-arch\common\src\main\java\top\theillusivec4\champions\common\filter\EntityFilter.java:44: 错误: 对于dispatch(EntityFilt[...]peKey,EntityFilt[...]ecFor), 找不到合适的方法
    Codec<EntityFilter> CODEC = Codec.STRING.dispatch(
                                            ^
    方法 Codec.<E#1>dispatch(Function<? super E#1,? extends String>,Function<? super String,? extends Codec<? extends E#1>>)不适用
      (无法推断类型变量 E#1
        (参数不匹配; 方法引用中的返回类型错误
          MapCodec<? extends EntityFilter>无法转换为Codec<? extends E#1>))
    方法 Codec.<E#2>dispatch(String,Function<? super E#2,? extends String>,Function<? super String,? extends Codec<? extends E#2>>)不适用
      (无法推断类型变量 E#2
        (实际参数列表和形式参数列表长度不同))
  其中, E#1,A,E#2是类型变量:
    E#1扩展已在方法 <E#1>dispatch(Function<? super E#1,? extends A>,Function<? super A,? extends Codec<? extends E#1>>)中声明的Object
    A扩展已在接口 Codec中声明的Object
    E#2扩展已在方法 <E#2>dispatch(String,Function<? super E#2,? extends A>,Function<? super A,? extends Codec<? extends E#2>>)中声明的Object
E:\dev\champions-unofficial-arch\common\src\main\java\top\theillusivec4\champions\common\filter\EntityFilter.java:169: 错误: 对于getHolder(ResourceLocation), 找不到合适的方法
            var attr = BuiltInRegistries.ATTRIBUTE.getHolder(attribute);
                                                  ^
    方法 Registry.getHolder(int)不适用
      (参数不匹配; ResourceLocation无法转换为int)
    方法 Registry.getHolder(ResourceKey<Attribute>)不适用
      (参数不匹配; ResourceLocation无法转换为ResourceKey<Attribute>)
E:\dev\champions-unofficial-arch\common\src\main\java\top\theillusivec4\champions\common\phase\PhaseCondition.java:22: 错误: 对于dispatch(PhaseCondi[...]peKey,PhaseCondi[...]ecFor), 找不到合适的方法
    Codec<PhaseCondition> CODEC = Codec.STRING.dispatch(
                                              ^
    方法 Codec.<E#1>dispatch(Function<? super E#1,? extends String>,Function<? super String,? extends Codec<? extends E#1>>)不适用
      (无法推断类型变量 E#1
        (参数不匹配; 方法引用中的返回类型错误
          MapCodec<? extends PhaseCondition>无法转换为Codec<? extends E#1>))
    方法 Codec.<E#2>dispatch(String,Function<? super E#2,? extends String>,Function<? super String,? extends Codec<? extends E#2>>)不适用
      (无法推断类型变量 E#2
        (实际参数列表和形式参数列表长度不同))
  其中, E#1,A,E#2是类型变量:
    E#1扩展已在方法 <E#1>dispatch(Function<? super E#1,? extends A>,Function<? super A,? extends Codec<? extends E#1>>)中声明的Object
    A扩展已在接口 Codec中声明的Object
    E#2扩展已在方法 <E#2>dispatch(String,Function<? super E#2,? extends A>,Function<? super A,? extends Codec<? extends E#2>>)中声明的Object
E:\dev\champions-unofficial-arch\common\src\main\java\top\theillusivec4\champions\common\phase\PhaseEffect.java:37: 错误: 对于dispatch(PhaseEffec[...]peKey,PhaseEffec[...]ecFor), 找不到合适的方法
    Codec<PhaseEffect> CODEC = Codec.STRING.dispatch(
                                           ^
    方法 Codec.<E#1>dispatch(Function<? super E#1,? extends String>,Function<? super String,? extends Codec<? extends E#1>>)不适用
      (无法推断类型变量 E#1
        (参数不匹配; 方法引用中的返回类型错误
          MapCodec<? extends PhaseEffect>无法转换为Codec<? extends E#1>))
    方法 Codec.<E#2>dispatch(String,Function<? super E#2,? extends String>,Function<? super String,? extends Codec<? extends E#2>>)不适用
      (无法推断类型变量 E#2
        (实际参数列表和形式参数列表长度不同))
  其中, E#1,A,E#2是类型变量:
    E#1扩展已在方法 <E#1>dispatch(Function<? super E#1,? extends A>,Function<? super A,? extends Codec<? extends E#1>>)中声明的Object
    A扩展已在接口 Codec中声明的Object
    E#2扩展已在方法 <E#2>dispatch(String,Function<? super E#2,? extends A>,Function<? super A,? extends Codec<? extends E#2>>)中声明的Object
注: 有关详细信息, 请使用 -Xlint:deprecation 重新编译。
E:\dev\champions-unofficial-arch\common\src\main\java\top\theillusivec4\champions\common\affix\builtin\spawn_tick_affixes\HastyAffix.java:41: 错误: 不兼容的类型: ResourceLocation无法转换为UUID
        if (attr.getModifier(MODIFIER_ID) != null) return; // already applied
                             ^
E:\dev\champions-unofficial-arch\common\src\main\java\top\theillusivec4\champions\common\affix\builtin\spawn_tick_affixes\MoltenAffix.java:11: 错误: 找不到符号
import net.minecraft.world.level.pathfinder.PathType;
                                           ^
  符号:   类 PathType
  位置: 程序包 net.minecraft.world.level.pathfinder
E:\dev\champions-unofficial-arch\common\src\main\java\top\theillusivec4\champions\common\affix\builtin\spawn_tick_affixes\PlaguedAffix.java:3: 错误: 找不到符号
import net.minecraft.core.particles.ColorParticleOption;
                                   ^
  符号:   类 ColorParticleOption
  位置: 程序包 net.minecraft.core.particles
E:\dev\champions-unofficial-arch\common\src\main\java\top\theillusivec4\champions\common\client\ChampionsOverlay.java:4: 错误: 找不到符号
import net.minecraft.client.DeltaTracker;
                           ^
  符号:   类 DeltaTracker
  位置: 程序包 net.minecraft.client
E:\dev\champions-unofficial-arch\common\src\main\java\top\theillusivec4\champions\common\client\ChampionsOverlay.java:7: 错误: 找不到符号
import net.minecraft.client.gui.LayeredDraw;
                               ^
  符号:   类 LayeredDraw
  位置: 程序包 net.minecraft.client.gui
E:\dev\champions-unofficial-arch\common\src\main\java\top\theillusivec4\champions\common\client\ChampionsOverlay.java:20: 错误: 找不到符号
  public void render(@NotNull GuiGraphics gui, @NotNull DeltaTracker delta) {
                                                        ^
  符号:   类 DeltaTracker
  位置: 类 ChampionsOverlay
E:\dev\champions-unofficial-arch\common\src\main\java\top\theillusivec4\champions\common\network\EditorPayload.java:38: 错误: 找不到符号
    private static final StreamCodec<FriendlyByteBuf, Map<String, String>> STRING_MAP_CODEC =
                         ^
  符号:   类 StreamCodec
  位置: 类 EditorPayload
E:\dev\champions-unofficial-arch\common\src\main\java\top\theillusivec4\champions\common\network\EditorPayload.java:52: 错误: 找不到符号
    private static final StreamCodec<FriendlyByteBuf, Set<String>> STRING_SET_CODEC =
                         ^
  符号:   类 StreamCodec
  位置: 类 EditorPayload
E:\dev\champions-unofficial-arch\common\src\main\java\top\theillusivec4\champions\common\network\EditorPayload.java:66: 错误: 找不到符号
    public static final StreamCodec<FriendlyByteBuf, EditorPayload> STREAM_CODEC =
                        ^
  符号:   类 StreamCodec
  位置: 类 EditorPayload
E:\dev\champions-unofficial-arch\common\src\main\java\top\theillusivec4\champions\common\config\ChampionConfigSpec.java:25: 错误: 找不到符号
    public static final ModConfigSpec SPEC;
                        ^
  符号:   类 ModConfigSpec
  位置: 类 ChampionConfigSpec
E:\dev\champions-unofficial-arch\common\src\main\java\top\theillusivec4\champions\common\entity\ArcticBulletEntity.java:47: 错误: 找不到符号
    protected void defineSynchedData(SynchedEntityData.@NotNull Builder builder) {
                                                      ^
  符号:   类 Builder
  位置: 类 SynchedEntityData
E:\dev\champions-unofficial-arch\common\src\main\java\top\theillusivec4\champions\common\entity\EnkindlingBulletEntity.java:45: 错误: 找不到符号
    protected void defineSynchedData(SynchedEntityData.@NotNull Builder builder) {
                                                      ^
  符号:   类 Builder
  位置: 类 SynchedEntityData
E:\dev\champions-unofficial-arch\common\src\main\java\top\theillusivec4\champions\common\integration\jade\ChampionComponentProvider.java:9: 错误: 找不到符号
import snownee.jade.api.JadeIds;
                       ^
  符号:   类 JadeIds
  位置: 程序包 snownee.jade.api
E:\dev\champions-unofficial-arch\common\src\main\java\top\theillusivec4\champions\common\network\ChampionClearPacket.java:16: 错误: 找不到符号
    public static final Type<ChampionClearPacket> TYPE = new Type<>(
                        ^
  符号:   类 Type
  位置: 类 ChampionClearPacket
E:\dev\champions-unofficial-arch\common\src\main\java\top\theillusivec4\champions\common\network\ChampionClearPacket.java:19: 错误: 找不到符号
    public static final StreamCodec<ByteBuf, ChampionClearPacket> STREAM_CODEC =
                        ^
  符号:   类 StreamCodec
  位置: 类 ChampionClearPacket
E:\dev\champions-unofficial-arch\common\src\main\java\top\theillusivec4\champions\common\network\ChampionClearPacket.java:23: 错误: 找不到符号
    public Type<? extends CustomPacketPayload> type() {
           ^
  符号:   类 Type
  位置: 类 ChampionClearPacket
E:\dev\champions-unofficial-arch\common\src\main\java\top\theillusivec4\champions\common\network\ChampionClearPacket.java:23: 错误: 找不到符号
    public Type<? extends CustomPacketPayload> type() {
                          ^
  符号:   类 CustomPacketPayload
  位置: 类 ChampionClearPacket
E:\dev\champions-unofficial-arch\common\src\main\java\top\theillusivec4\champions\common\network\ChampionSyncData.java:34: 错误: 找不到符号
    public static final StreamCodec<FriendlyByteBuf, ChampionSyncData> STREAM_CODEC =
                        ^
  符号:   类 StreamCodec
  位置: 类 ChampionSyncData
E:\dev\champions-unofficial-arch\common\src\main\java\top\theillusivec4\champions\common\network\ChampionSyncData.java:81: 错误: 找不到符号
        public static final StreamCodec<FriendlyByteBuf, AffixSyncEntry> STREAM_CODEC =
                            ^
  符号:   类 StreamCodec
  位置: 类 AffixSyncEntry
E:\dev\champions-unofficial-arch\common\src\main\java\top\theillusivec4\champions\common\network\OpenEditorPacket.java:14: 错误: 找不到符号
    public static final Type<OpenEditorPacket> TYPE = new Type<>(
                        ^
  符号:   类 Type
  位置: 类 OpenEditorPacket
E:\dev\champions-unofficial-arch\common\src\main\java\top\theillusivec4\champions\common\network\OpenEditorPacket.java:17: 错误: 找不到符号
    public static final StreamCodec<FriendlyByteBuf, OpenEditorPacket> STREAM_CODEC =
                        ^
  符号:   类 StreamCodec
  位置: 类 OpenEditorPacket
E:\dev\champions-unofficial-arch\common\src\main\java\top\theillusivec4\champions\common\network\OpenEditorPacket.java:21: 错误: 找不到符号
    public @NotNull Type<? extends CustomPacketPayload> type() { return TYPE; }
                    ^
  符号:   类 Type
  位置: 类 OpenEditorPacket
E:\dev\champions-unofficial-arch\common\src\main\java\top\theillusivec4\champions\common\network\OpenEditorPacket.java:21: 错误: 找不到符号
    public @NotNull Type<? extends CustomPacketPayload> type() { return TYPE; }
                                   ^
  符号:   类 CustomPacketPayload
  位置: 类 OpenEditorPacket
E:\dev\champions-unofficial-arch\common\src\main\java\top\theillusivec4\champions\common\network\SaveEditorPacket.java:13: 错误: 找不到符号
    public static final Type<SaveEditorPacket> TYPE = new Type<>(
                        ^
  符号:   类 Type
  位置: 类 SaveEditorPacket
E:\dev\champions-unofficial-arch\common\src\main\java\top\theillusivec4\champions\common\network\SaveEditorPacket.java:16: 错误: 找不到符号
    public static final StreamCodec<FriendlyByteBuf, SaveEditorPacket> STREAM_CODEC =
                        ^
  符号:   类 StreamCodec
  位置: 类 SaveEditorPacket
E:\dev\champions-unofficial-arch\common\src\main\java\top\theillusivec4\champions\common\network\SaveEditorPacket.java:20: 错误: 找不到符号
    public Type<? extends CustomPacketPayload> type() { return TYPE; }
           ^
  符号:   类 Type
  位置: 类 SaveEditorPacket
E:\dev\champions-unofficial-arch\common\src\main\java\top\theillusivec4\champions\common\network\SaveEditorPacket.java:20: 错误: 找不到符号
    public Type<? extends CustomPacketPayload> type() { return TYPE; }
                          ^
  符号:   类 CustomPacketPayload
  位置: 类 SaveEditorPacket
E:\dev\champions-unofficial-arch\common\src\main\java\top\theillusivec4\champions\common\affix\builtin\spawn_tick_affixes\HastyAffix.java:47: 错误: 找不到符号
                AttributeModifier.Operation.ADD_VALUE
                                           ^
  符号:   变量 ADD_VALUE
  位置: 类 Operation
E:\dev\champions-unofficial-arch\common\src\main\java\top\theillusivec4\champions\common\affix\builtin\spawn_tick_affixes\MoltenAffix.java:46: 错误: 找不到符号
                mob.setPathfindingMalus(PathType.WATER, -1f);
                                        ^
  符号:   变量 PathType
  位置: 类 MoltenAffix
E:\dev\champions-unofficial-arch\common\src\main\java\top\theillusivec4\champions\common\affix\builtin\spawn_tick_affixes\MoltenAffix.java:47: 错误: 找不到符号
                mob.setPathfindingMalus(PathType.LAVA, 8f);
                                        ^
  符号:   变量 PathType
  位置: 类 MoltenAffix
E:\dev\champions-unofficial-arch\common\src\main\java\top\theillusivec4\champions\common\affix\builtin\spawn_tick_affixes\MoltenAffix.java:48: 错误: 找不到符号
                mob.setPathfindingMalus(PathType.DANGER_FIRE, 0f);
                                        ^
  符号:   变量 PathType
  位置: 类 MoltenAffix
E:\dev\champions-unofficial-arch\common\src\main\java\top\theillusivec4\champions\common\affix\builtin\spawn_tick_affixes\MoltenAffix.java:49: 错误: 找不到符号
                mob.setPathfindingMalus(PathType.DAMAGE_FIRE, 0f);
                                        ^
  符号:   变量 PathType
  位置: 类 MoltenAffix
E:\dev\champions-unofficial-arch\common\src\main\java\top\theillusivec4\champions\common\affix\builtin\spawn_tick_affixes\PlaguedAffix.java:55: 错误: 找不到符号
                        ColorParticleOption.create(ParticleTypes.ENTITY_EFFECT, 0x55FF55),
                        ^
  符号:   变量 ColorParticleOption
  位置: 类 PlaguedAffix
注: 某些消息已经过简化; 请使用 -Xdiags:verbose 重新编译以获得完整输出
E:\dev\champions-unofficial-arch\common\src\main\java\top\theillusivec4\champions\common\network\ChampionClearPacket.java:14: 错误: 找不到符号
public record ChampionClearPacket(int entityId) implements CustomPacketPayload {
                                                           ^
  符号: 类 CustomPacketPayload
E:\dev\champions-unofficial-arch\common\src\main\java\top\theillusivec4\champions\common\network\OpenEditorPacket.java:12: 错误: 找不到符号
public record OpenEditorPacket(EditorPayload payload) implements CustomPacketPayload {
                                                                 ^
  符号: 类 CustomPacketPayload
E:\dev\champions-unofficial-arch\common\src\main\java\top\theillusivec4\champions\common\network\SaveEditorPacket.java:11: 错误: 找不到符号
public record SaveEditorPacket(EditorPayload payload) implements CustomPacketPayload {
                                                                 ^
  符号: 类 CustomPacketPayload
E:\dev\champions-unofficial-arch\common\src\main\java\top\theillusivec4\champions\common\affix\builtin\StatelessCombatAffixes\DampeningAffix.java:19: 错误: 找不到符号
            if (!evt.source().isDirect()) return;
                             ^
  符号:   方法 isDirect()
  位置: 类 DamageSource
E:\dev\champions-unofficial-arch\common\src\main\java\top\theillusivec4\champions\common\client\ChampionsOverlay.java:14: 错误: 程序包LayeredDraw不存在
public final class ChampionsOverlay implements LayeredDraw.Layer {
                                                          ^
E:\dev\champions-unofficial-arch\common\src\main\java\top\theillusivec4\champions\common\network\EditorPayload.java:7: 错误: 程序包net.minecraft.network.codec不存在
import net.minecraft.network.codec.StreamCodec;
                                  ^
E:\dev\champions-unofficial-arch\common\src\main\java\top\theillusivec4\champions\common\config\ChampionConfigSpec.java:3: 错误: 程序包net.neoforged.neoforge.common不存在
import net.neoforged.neoforge.common.ModConfigSpec;
                                    ^
E:\dev\champions-unofficial-arch\common\src\main\java\top\theillusivec4\champions\common\config\ChampionConfigSpec.java:99: 错误: 程序包ModConfigSpec不存在
        final ModConfigSpec.DoubleValue  spawnChance;
                           ^
E:\dev\champions-unofficial-arch\common\src\main\java\top\theillusivec4\champions\common\config\ChampionConfigSpec.java:100: 错误: 程序包ModConfigSpec不存在
        final ModConfigSpec.IntValue     beaconProtectionRange;
                           ^
E:\dev\champions-unofficial-arch\common\src\main\java\top\theillusivec4\champions\common\config\ChampionConfigSpec.java:101: 错误: 程序包ModConfigSpec不存在
        final ModConfigSpec.BooleanValue championSpawners;
                           ^
E:\dev\champions-unofficial-arch\common\src\main\java\top\theillusivec4\champions\common\config\ChampionConfigSpec.java:102: 错误: 程序包ModConfigSpec不存在
        final ModConfigSpec.BooleanValue championTrialSpawners;
                           ^
E:\dev\champions-unofficial-arch\common\src\main\java\top\theillusivec4\champions\common\config\ChampionConfigSpec.java:104: 错误: 程序包ModConfigSpec不存在
        final ModConfigSpec.BooleanValue showHud;
                           ^
E:\dev\champions-unofficial-arch\common\src\main\java\top\theillusivec4\champions\common\config\ChampionConfigSpec.java:105: 错误: 程序包ModConfigSpec不存在
        final ModConfigSpec.BooleanValue showParticles;
                           ^
E:\dev\champions-unofficial-arch\common\src\main\java\top\theillusivec4\champions\common\config\ChampionConfigSpec.java:106: 错误: 程序包ModConfigSpec不存在
        final ModConfigSpec.ConfigValue<List<? extends String>> bossBarBlacklist;
                           ^
E:\dev\champions-unofficial-arch\common\src\main\java\top\theillusivec4\champions\common\config\ChampionConfigSpec.java:108: 错误: 程序包ModConfigSpec不存在
        final ModConfigSpec.IntValue experienceGrowth;
                           ^
E:\dev\champions-unofficial-arch\common\src\main\java\top\theillusivec4\champions\common\config\ChampionConfigSpec.java:109: 错误: 程序包ModConfigSpec不存在
        final ModConfigSpec.IntValue explosionGrowth;
                           ^
E:\dev\champions-unofficial-arch\common\src\main\java\top\theillusivec4\champions\common\config\ChampionConfigSpec.java:111: 错误: 程序包ModConfigSpec不存在
        final ModConfigSpec.ConfigValue<List<? extends String>> lootDrops;
                           ^
E:\dev\champions-unofficial-arch\common\src\main\java\top\theillusivec4\champions\common\config\ChampionConfigSpec.java:112: 错误: 程序包ModConfigSpec不存在
        final ModConfigSpec.BooleanValue lootScaling;
                           ^
E:\dev\champions-unofficial-arch\common\src\main\java\top\theillusivec4\champions\common\config\ChampionConfigSpec.java:114: 错误: 程序包ModConfigSpec不存在
        final ModConfigSpec.BooleanValue mobInherit;
                           ^
E:\dev\champions-unofficial-arch\common\src\main\java\top\theillusivec4\champions\common\config\ChampionConfigSpec.java:115: 错误: 程序包ModConfigSpec不存在
        final ModConfigSpec.IntValue     rankReduce;
                           ^
E:\dev\champions-unofficial-arch\common\src\main\java\top\theillusivec4\champions\common\config\ChampionConfigSpec.java:116: 错误: 程序包ModConfigSpec不存在
        final ModConfigSpec.BooleanValue canHaveInfestedAffix;
                           ^
E:\dev\champions-unofficial-arch\common\src\main\java\top\theillusivec4\champions\common\config\ChampionConfigSpec.java:118: 错误: 程序包ModConfigSpec不存在
        final ModConfigSpec.DoubleValue  adaptableReductionIncrement;
                           ^
E:\dev\champions-unofficial-arch\common\src\main\java\top\theillusivec4\champions\common\config\ChampionConfigSpec.java:119: 错误: 程序包ModConfigSpec不存在
        final ModConfigSpec.DoubleValue  adaptableMaxReduction;
                           ^
E:\dev\champions-unofficial-arch\common\src\main\java\top\theillusivec4\champions\common\config\ChampionConfigSpec.java:120: 错误: 程序包ModConfigSpec不存在
        final ModConfigSpec.IntValue     arcticAttackInterval;
                           ^
E:\dev\champions-unofficial-arch\common\src\main\java\top\theillusivec4\champions\common\config\ChampionConfigSpec.java:121: 错误: 程序包ModConfigSpec不存在
        final ModConfigSpec.IntValue     enkindlingAttackInterval;
                           ^
E:\dev\champions-unofficial-arch\common\src\main\java\top\theillusivec4\champions\common\config\ChampionConfigSpec.java:122: 错误: 程序包ModConfigSpec不存在
        final ModConfigSpec.DoubleValue  dampeningReduction;
                           ^
E:\dev\champions-unofficial-arch\common\src\main\java\top\theillusivec4\champions\common\config\ChampionConfigSpec.java:123: 错误: 程序包ModConfigSpec不存在
        final ModConfigSpec.IntValue     desecratingInterval;
                           ^
E:\dev\champions-unofficial-arch\common\src\main\java\top\theillusivec4\champions\common\config\ChampionConfigSpec.java:124: 错误: 程序包ModConfigSpec不存在
        final ModConfigSpec.IntValue     desecratingActivationTime;
                           ^
E:\dev\champions-unofficial-arch\common\src\main\java\top\theillusivec4\champions\common\config\ChampionConfigSpec.java:125: 错误: 程序包ModConfigSpec不存在
        final ModConfigSpec.DoubleValue  desecratingRadius;
                           ^
E:\dev\champions-unofficial-arch\common\src\main\java\top\theillusivec4\champions\common\config\ChampionConfigSpec.java:126: 错误: 程序包ModConfigSpec不存在
        final ModConfigSpec.IntValue     desecratingDuration;
                           ^
E:\dev\champions-unofficial-arch\common\src\main\java\top\theillusivec4\champions\common\config\ChampionConfigSpec.java:127: 错误: 程序包ModConfigSpec不存在
        final ModConfigSpec.DoubleValue  hastySpeedBonus;
                           ^
E:\dev\champions-unofficial-arch\common\src\main\java\top\theillusivec4\champions\common\config\ChampionConfigSpec.java:128: 错误: 程序包ModConfigSpec不存在
        final ModConfigSpec.IntValue     infestedAmount;
                           ^
E:\dev\champions-unofficial-arch\common\src\main\java\top\theillusivec4\champions\common\config\ChampionConfigSpec.java:129: 错误: 程序包ModConfigSpec不存在
        final ModConfigSpec.IntValue     infestedInterval;
                           ^
E:\dev\champions-unofficial-arch\common\src\main\java\top\theillusivec4\champions\common\config\ChampionConfigSpec.java:130: 错误: 程序包ModConfigSpec不存在
        final ModConfigSpec.ConfigValue<String> infestedParasite;
                           ^
E:\dev\champions-unofficial-arch\common\src\main\java\top\theillusivec4\champions\common\config\ChampionConfigSpec.java:131: 错误: 程序包ModConfigSpec不存在
        final ModConfigSpec.DoubleValue  knockingKnockback;
                           ^
E:\dev\champions-unofficial-arch\common\src\main\java\top\theillusivec4\champions\common\config\ChampionConfigSpec.java:132: 错误: 程序包ModConfigSpec不存在
        final ModConfigSpec.DoubleValue  livelyHealAmount;
                           ^
E:\dev\champions-unofficial-arch\common\src\main\java\top\theillusivec4\champions\common\config\ChampionConfigSpec.java:133: 错误: 程序包ModConfigSpec不存在
        final ModConfigSpec.DoubleValue  livelyPassiveMultiplier;
                           ^
E:\dev\champions-unofficial-arch\common\src\main\java\top\theillusivec4\champions\common\config\ChampionConfigSpec.java:134: 错误: 程序包ModConfigSpec不存在
        final ModConfigSpec.IntValue     livelyCooldown;
                           ^
E:\dev\champions-unofficial-arch\common\src\main\java\top\theillusivec4\champions\common\config\ChampionConfigSpec.java:135: 错误: 程序包ModConfigSpec不存在
        final ModConfigSpec.DoubleValue  magneticStrength;
                           ^
E:\dev\champions-unofficial-arch\common\src\main\java\top\theillusivec4\champions\common\config\ChampionConfigSpec.java:136: 错误: 程序包ModConfigSpec不存在
        final ModConfigSpec.DoubleValue  magneticPullRange;
                           ^
E:\dev\champions-unofficial-arch\common\src\main\java\top\theillusivec4\champions\common\config\ChampionConfigSpec.java:137: 错误: 程序包ModConfigSpec不存在
        final ModConfigSpec.IntValue     moltenFireTicks;
                           ^
E:\dev\champions-unofficial-arch\common\src\main\java\top\theillusivec4\champions\common\config\ChampionConfigSpec.java:138: 错误: 程序包ModConfigSpec不存在
        final ModConfigSpec.DoubleValue  moltenAuraDamage;
                           ^
E:\dev\champions-unofficial-arch\common\src\main\java\top\theillusivec4\champions\common\config\ChampionConfigSpec.java:139: 错误: 程序包ModConfigSpec不存在
        final ModConfigSpec.DoubleValue  moltenAuraRange;
                           ^
E:\dev\champions-unofficial-arch\common\src\main\java\top\theillusivec4\champions\common\config\ChampionConfigSpec.java:140: 错误: 程序包ModConfigSpec不存在
        final ModConfigSpec.DoubleValue  paralyzingChance;
                           ^
E:\dev\champions-unofficial-arch\common\src\main\java\top\theillusivec4\champions\common\config\ChampionConfigSpec.java:141: 错误: 程序包ModConfigSpec不存在
        final ModConfigSpec.IntValue     paralyzingDuration;
                           ^
E:\dev\champions-unofficial-arch\common\src\main\java\top\theillusivec4\champions\common\config\ChampionConfigSpec.java:142: 错误: 程序包ModConfigSpec不存在
        final ModConfigSpec.DoubleValue  plaguedRange;
                           ^
E:\dev\champions-unofficial-arch\common\src\main\java\top\theillusivec4\champions\common\config\ChampionConfigSpec.java:143: 错误: 程序包ModConfigSpec不存在
        final ModConfigSpec.DoubleValue  reflectiveMinPercent;
                           ^
E:\dev\champions-unofficial-arch\common\src\main\java\top\theillusivec4\champions\common\config\ChampionConfigSpec.java:144: 错误: 程序包ModConfigSpec不存在
        final ModConfigSpec.DoubleValue  reflectiveMaxPercent;
                           ^
E:\dev\champions-unofficial-arch\common\src\main\java\top\theillusivec4\champions\common\config\ChampionConfigSpec.java:145: 错误: 程序包ModConfigSpec不存在
        final ModConfigSpec.DoubleValue  reflectiveMax;
                           ^
E:\dev\champions-unofficial-arch\common\src\main\java\top\theillusivec4\champions\common\config\ChampionConfigSpec.java:146: 错误: 程序包ModConfigSpec不存在
        final ModConfigSpec.BooleanValue reflectiveLethal;
                           ^
E:\dev\champions-unofficial-arch\common\src\main\java\top\theillusivec4\champions\common\config\ChampionConfigSpec.java:147: 错误: 程序包ModConfigSpec不存在
        final ModConfigSpec.DoubleValue  shieldingChance;
                           ^
E:\dev\champions-unofficial-arch\common\src\main\java\top\theillusivec4\champions\common\config\ChampionConfigSpec.java:148: 错误: 程序包ModConfigSpec不存在
        final ModConfigSpec.DoubleValue  woundingChance;
                           ^
E:\dev\champions-unofficial-arch\common\src\main\java\top\theillusivec4\champions\common\config\ChampionConfigSpec.java:149: 错误: 程序包ModConfigSpec不存在
        final ModConfigSpec.IntValue     woundingDuration;
                           ^
E:\dev\champions-unofficial-arch\common\src\main\java\top\theillusivec4\champions\common\config\ChampionConfigSpec.java:151: 错误: 程序包ModConfigSpec不存在
        Entries(ModConfigSpec.Builder b) {
                             ^
E:\dev\champions-unofficial-arch\common\src\main\java\top\theillusivec4\champions\common\network\ChampionClearPacket.java:5: 错误: 程序包net.minecraft.network.codec不存在
import net.minecraft.network.codec.ByteBufCodecs;
                                  ^
E:\dev\champions-unofficial-arch\common\src\main\java\top\theillusivec4\champions\common\network\ChampionClearPacket.java:6: 错误: 程序包net.minecraft.network.codec不存在
import net.minecraft.network.codec.StreamCodec;
                                  ^
E:\dev\champions-unofficial-arch\common\src\main\java\top\theillusivec4\champions\common\network\ChampionClearPacket.java:7: 错误: 程序包net.minecraft.network.protocol.common.custom不存在
import net.minecraft.network.protocol.common.custom.CustomPacketPayload;
                                                   ^
E:\dev\champions-unofficial-arch\common\src\main\java\top\theillusivec4\champions\common\network\ChampionSyncData.java:5: 错误: 程序包net.minecraft.network.codec不存在
import net.minecraft.network.codec.ByteBufCodecs;
                                  ^
E:\dev\champions-unofficial-arch\common\src\main\java\top\theillusivec4\champions\common\network\ChampionSyncData.java:6: 错误: 程序包net.minecraft.network.codec不存在
import net.minecraft.network.codec.StreamCodec;
                                  ^
E:\dev\champions-unofficial-arch\common\src\main\java\top\theillusivec4\champions\common\network\OpenEditorPacket.java:4: 错误: 程序包net.minecraft.network.codec不存在
import net.minecraft.network.codec.StreamCodec;
                                  ^
E:\dev\champions-unofficial-arch\common\src\main\java\top\theillusivec4\champions\common\network\OpenEditorPacket.java:5: 错误: 程序包net.minecraft.network.protocol.common.custom不存在
import net.minecraft.network.protocol.common.custom.CustomPacketPayload;
                                                   ^
E:\dev\champions-unofficial-arch\common\src\main\java\top\theillusivec4\champions\common\network\SaveEditorPacket.java:4: 错误: 程序包net.minecraft.network.codec不存在
import net.minecraft.network.codec.StreamCodec;
                                  ^
E:\dev\champions-unofficial-arch\common\src\main\java\top\theillusivec4\champions\common\network\SaveEditorPacket.java:5: 错误: 程序包net.minecraft.network.protocol.common.custom不存在
import net.minecraft.network.protocol.common.custom.CustomPacketPayload;
                                                   ^
100 个错误
	at org.gradle.api.internal.tasks.compile.JdkJavaCompiler.execute(JdkJavaCompiler.java:89)
	at org.gradle.api.internal.tasks.compile.JdkJavaCompiler.execute(JdkJavaCompiler.java:50)
	at org.gradle.api.internal.tasks.compile.NormalizingJavaCompiler.delegateAndHandleErrors(NormalizingJavaCompiler.java:98)
	at org.gradle.api.internal.tasks.compile.NormalizingJavaCompiler.execute(NormalizingJavaCompiler.java:52)
	at org.gradle.api.internal.tasks.compile.NormalizingJavaCompiler.execute(NormalizingJavaCompiler.java:38)
	at org.gradle.api.internal.tasks.compile.AnnotationProcessorDiscoveringCompiler.execute(AnnotationProcessorDiscoveringCompiler.java:52)
	at org.gradle.api.internal.tasks.compile.AnnotationProcessorDiscoveringCompiler.execute(AnnotationProcessorDiscoveringCompiler.java:38)
	at org.gradle.api.internal.tasks.compile.ModuleApplicationNameWritingCompiler.execute(ModuleApplicationNameWritingCompiler.java:46)
	at org.gradle.api.internal.tasks.compile.ModuleApplicationNameWritingCompiler.execute(ModuleApplicationNameWritingCompiler.java:36)
	at org.gradle.jvm.toolchain.internal.DefaultToolchainJavaCompiler.execute(DefaultToolchainJavaCompiler.java:57)
	at org.gradle.api.tasks.compile.JavaCompile.lambda$createToolchainCompiler$3(JavaCompile.java:206)
	at org.gradle.api.internal.tasks.compile.CleaningJavaCompiler.execute(CleaningJavaCompiler.java:53)
	at org.gradle.api.internal.tasks.compile.incremental.IncrementalCompilerFactory.lambda$createRebuildAllCompiler$0(IncrementalCompilerFactory.java:55)
	at org.gradle.api.internal.tasks.compile.incremental.SelectiveCompiler.execute(SelectiveCompiler.java:70)
	at org.gradle.api.internal.tasks.compile.incremental.SelectiveCompiler.execute(SelectiveCompiler.java:44)
	at org.gradle.api.internal.tasks.compile.incremental.IncrementalResultStoringCompiler.execute(IncrementalResultStoringCompiler.java:66)
	at org.gradle.api.internal.tasks.compile.incremental.IncrementalResultStoringCompiler.execute(IncrementalResultStoringCompiler.java:52)
	at org.gradle.api.internal.tasks.compile.CompileJavaBuildOperationReportingCompiler$1.call(CompileJavaBuildOperationReportingCompiler.java:64)
	at org.gradle.api.internal.tasks.compile.CompileJavaBuildOperationReportingCompiler$1.call(CompileJavaBuildOperationReportingCompiler.java:48)
	at org.gradle.internal.operations.DefaultBuildOperationRunner$CallableBuildOperationWorker.execute(DefaultBuildOperationRunner.java:210)
	at org.gradle.internal.operations.DefaultBuildOperationRunner$CallableBuildOperationWorker.execute(DefaultBuildOperationRunner.java:205)
	at org.gradle.internal.operations.DefaultBuildOperationRunner$2.execute(DefaultBuildOperationRunner.java:67)
	at org.gradle.internal.operations.DefaultBuildOperationRunner$2.execute(DefaultBuildOperationRunner.java:60)
	at org.gradle.internal.operations.DefaultBuildOperationRunner.execute(DefaultBuildOperationRunner.java:167)
	at org.gradle.internal.operations.DefaultBuildOperationRunner.execute(DefaultBuildOperationRunner.java:60)
	at org.gradle.internal.operations.DefaultBuildOperationRunner.call(DefaultBuildOperationRunner.java:54)
	at org.gradle.api.internal.tasks.compile.CompileJavaBuildOperationReportingCompiler.execute(CompileJavaBuildOperationReportingCompiler.java:48)
	at org.gradle.api.tasks.compile.JavaCompile.performCompilation(JavaCompile.java:224)
	at org.gradle.api.tasks.compile.JavaCompile.performIncrementalCompilation(JavaCompile.java:165)
	at org.gradle.api.tasks.compile.JavaCompile.compile(JavaCompile.java:150)
	at java.base/jdk.internal.reflect.DirectMethodHandleAccessor.invoke(DirectMethodHandleAccessor.java:103)
	at org.gradle.internal.reflect.JavaMethod.invoke(JavaMethod.java:125)
	at org.gradle.api.internal.project.taskfactory.IncrementalTaskAction.doExecute(IncrementalTaskAction.java:45)
	at org.gradle.api.internal.project.taskfactory.StandardTaskAction.execute(StandardTaskAction.java:51)
	at org.gradle.api.internal.project.taskfactory.IncrementalTaskAction.execute(IncrementalTaskAction.java:26)
	at org.gradle.api.internal.project.taskfactory.StandardTaskAction.execute(StandardTaskAction.java:29)
	at org.gradle.api.internal.tasks.execution.TaskExecution$3.run(TaskExecution.java:244)
	at org.gradle.internal.operations.DefaultBuildOperationRunner$1.execute(DefaultBuildOperationRunner.java:30)
	at org.gradle.internal.operations.DefaultBuildOperationRunner$1.execute(DefaultBuildOperationRunner.java:27)
	at org.gradle.internal.operations.DefaultBuildOperationRunner$2.execute(DefaultBuildOperationRunner.java:67)
	at org.gradle.internal.operations.DefaultBuildOperationRunner$2.execute(DefaultBuildOperationRunner.java:60)
	at org.gradle.internal.operations.DefaultBuildOperationRunner.execute(DefaultBuildOperationRunner.java:167)
	at org.gradle.internal.operations.DefaultBuildOperationRunner.execute(DefaultBuildOperationRunner.java:60)
	at org.gradle.internal.operations.DefaultBuildOperationRunner.run(DefaultBuildOperationRunner.java:48)
	at org.gradle.api.internal.tasks.execution.TaskExecution.executeAction(TaskExecution.java:229)
	at org.gradle.api.internal.tasks.execution.TaskExecution.executeActions(TaskExecution.java:212)
	at org.gradle.api.internal.tasks.execution.TaskExecution.executeWithPreviousOutputFiles(TaskExecution.java:195)
	at org.gradle.api.internal.tasks.execution.TaskExecution.execute(TaskExecution.java:162)
	at org.gradle.internal.execution.steps.ExecuteStep.executeInternal(ExecuteStep.java:105)
	at org.gradle.internal.execution.steps.ExecuteStep.access$000(ExecuteStep.java:44)
	at org.gradle.internal.execution.steps.ExecuteStep$1.call(ExecuteStep.java:59)
	at org.gradle.internal.execution.steps.ExecuteStep$1.call(ExecuteStep.java:56)
	at org.gradle.internal.operations.DefaultBuildOperationRunner$CallableBuildOperationWorker.execute(DefaultBuildOperationRunner.java:210)
	at org.gradle.internal.operations.DefaultBuildOperationRunner$CallableBuildOperationWorker.execute(DefaultBuildOperationRunner.java:205)
	at org.gradle.internal.operations.DefaultBuildOperationRunner$2.execute(DefaultBuildOperationRunner.java:67)
	at org.gradle.internal.operations.DefaultBuildOperationRunner$2.execute(DefaultBuildOperationRunner.java:60)
	at org.gradle.internal.operations.DefaultBuildOperationRunner.execute(DefaultBuildOperationRunner.java:167)
	at org.gradle.internal.operations.DefaultBuildOperationRunner.execute(DefaultBuildOperationRunner.java:60)
	at org.gradle.internal.operations.DefaultBuildOperationRunner.call(DefaultBuildOperationRunner.java:54)
	at org.gradle.internal.execution.steps.ExecuteStep.execute(ExecuteStep.java:56)
	at org.gradle.internal.execution.steps.ExecuteStep.execute(ExecuteStep.java:44)
	at org.gradle.internal.execution.steps.CancelExecutionStep.execute(CancelExecutionStep.java:42)
	at org.gradle.internal.execution.steps.TimeoutStep.executeWithoutTimeout(TimeoutStep.java:75)
	at org.gradle.internal.execution.steps.TimeoutStep.execute(TimeoutStep.java:55)
	at org.gradle.internal.execution.steps.PreCreateOutputParentsStep.execute(PreCreateOutputParentsStep.java:50)
	at org.gradle.internal.execution.steps.PreCreateOutputParentsStep.execute(PreCreateOutputParentsStep.java:28)
	at org.gradle.internal.execution.steps.RemovePreviousOutputsStep.execute(RemovePreviousOutputsStep.java:67)
	at org.gradle.internal.execution.steps.RemovePreviousOutputsStep.execute(RemovePreviousOutputsStep.java:37)
	at org.gradle.internal.execution.steps.BroadcastChangingOutputsStep.execute(BroadcastChangingOutputsStep.java:61)
	at org.gradle.internal.execution.steps.BroadcastChangingOutputsStep.execute(BroadcastChangingOutputsStep.java:26)
	at org.gradle.internal.execution.steps.CaptureOutputsAfterExecutionStep.execute(CaptureOutputsAfterExecutionStep.java:69)
	at org.gradle.internal.execution.steps.CaptureOutputsAfterExecutionStep.execute(CaptureOutputsAfterExecutionStep.java:46)
	at org.gradle.internal.execution.steps.ResolveInputChangesStep.execute(ResolveInputChangesStep.java:40)
	at org.gradle.internal.execution.steps.ResolveInputChangesStep.execute(ResolveInputChangesStep.java:29)
	at org.gradle.internal.execution.steps.BuildCacheStep.executeWithoutCache(BuildCacheStep.java:189)
	at org.gradle.internal.execution.steps.BuildCacheStep.lambda$execute$1(BuildCacheStep.java:75)
	at org.gradle.internal.Either$Right.fold(Either.java:175)
	at org.gradle.internal.execution.caching.CachingState.fold(CachingState.java:62)
	at org.gradle.internal.execution.steps.BuildCacheStep.execute(BuildCacheStep.java:73)
	at org.gradle.internal.execution.steps.BuildCacheStep.execute(BuildCacheStep.java:48)
	at org.gradle.internal.execution.steps.StoreExecutionStateStep.execute(StoreExecutionStateStep.java:46)
	at org.gradle.internal.execution.steps.StoreExecutionStateStep.execute(StoreExecutionStateStep.java:35)
	at org.gradle.internal.execution.steps.SkipUpToDateStep.executeBecause(SkipUpToDateStep.java:75)
	at org.gradle.internal.execution.steps.SkipUpToDateStep.lambda$execute$2(SkipUpToDateStep.java:53)
	at org.gradle.internal.execution.steps.SkipUpToDateStep.execute(SkipUpToDateStep.java:53)
	at org.gradle.internal.execution.steps.SkipUpToDateStep.execute(SkipUpToDateStep.java:35)
	at org.gradle.internal.execution.steps.legacy.MarkSnapshottingInputsFinishedStep.execute(MarkSnapshottingInputsFinishedStep.java:37)
	at org.gradle.internal.execution.steps.legacy.MarkSnapshottingInputsFinishedStep.execute(MarkSnapshottingInputsFinishedStep.java:27)
	at org.gradle.internal.execution.steps.ResolveIncrementalCachingStateStep.executeDelegate(ResolveIncrementalCachingStateStep.java:49)
	at org.gradle.internal.execution.steps.ResolveIncrementalCachingStateStep.executeDelegate(ResolveIncrementalCachingStateStep.java:27)
	at org.gradle.internal.execution.steps.AbstractResolveCachingStateStep.execute(AbstractResolveCachingStateStep.java:71)
	at org.gradle.internal.execution.steps.AbstractResolveCachingStateStep.execute(AbstractResolveCachingStateStep.java:39)
	at org.gradle.internal.execution.steps.ResolveChangesStep.execute(ResolveChangesStep.java:65)
	at org.gradle.internal.execution.steps.ResolveChangesStep.execute(ResolveChangesStep.java:36)
	at org.gradle.internal.execution.steps.ValidateStep.execute(ValidateStep.java:107)
	at org.gradle.internal.execution.steps.ValidateStep.execute(ValidateStep.java:56)
	at org.gradle.internal.execution.steps.AbstractCaptureStateBeforeExecutionStep.execute(AbstractCaptureStateBeforeExecutionStep.java:64)
	at org.gradle.internal.execution.steps.AbstractCaptureStateBeforeExecutionStep.execute(AbstractCaptureStateBeforeExecutionStep.java:43)
	at org.gradle.internal.execution.steps.AbstractSkipEmptyWorkStep.executeWithNonEmptySources(AbstractSkipEmptyWorkStep.java:125)
	at org.gradle.internal.execution.steps.AbstractSkipEmptyWorkStep.execute(AbstractSkipEmptyWorkStep.java:61)
	at org.gradle.internal.execution.steps.AbstractSkipEmptyWorkStep.execute(AbstractSkipEmptyWorkStep.java:36)
	at org.gradle.internal.execution.steps.legacy.MarkSnapshottingInputsStartedStep.execute(MarkSnapshottingInputsStartedStep.java:38)
	at org.gradle.internal.execution.steps.LoadPreviousExecutionStateStep.execute(LoadPreviousExecutionStateStep.java:36)
	at org.gradle.internal.execution.steps.LoadPreviousExecutionStateStep.execute(LoadPreviousExecutionStateStep.java:23)
	at org.gradle.internal.execution.steps.HandleStaleOutputsStep.execute(HandleStaleOutputsStep.java:75)
	at org.gradle.internal.execution.steps.HandleStaleOutputsStep.execute(HandleStaleOutputsStep.java:41)
	at org.gradle.internal.execution.steps.AssignMutableWorkspaceStep.lambda$execute$0(AssignMutableWorkspaceStep.java:35)
	at org.gradle.api.internal.tasks.execution.TaskExecution$4.withWorkspace(TaskExecution.java:289)
	at org.gradle.internal.execution.steps.AssignMutableWorkspaceStep.execute(AssignMutableWorkspaceStep.java:31)
	at org.gradle.internal.execution.steps.AssignMutableWorkspaceStep.execute(AssignMutableWorkspaceStep.java:22)
	at org.gradle.internal.execution.steps.ChoosePipelineStep.execute(ChoosePipelineStep.java:40)
	at org.gradle.internal.execution.steps.ChoosePipelineStep.execute(ChoosePipelineStep.java:23)
	at org.gradle.internal.execution.steps.ExecuteWorkBuildOperationFiringStep.lambda$execute$2(ExecuteWorkBuildOperationFiringStep.java:67)
	at org.gradle.internal.execution.steps.ExecuteWorkBuildOperationFiringStep.execute(ExecuteWorkBuildOperationFiringStep.java:67)
	at org.gradle.internal.execution.steps.ExecuteWorkBuildOperationFiringStep.execute(ExecuteWorkBuildOperationFiringStep.java:39)
	at org.gradle.internal.execution.steps.IdentityCacheStep.execute(IdentityCacheStep.java:46)
	at org.gradle.internal.execution.steps.IdentityCacheStep.execute(IdentityCacheStep.java:34)
	at org.gradle.internal.execution.steps.IdentifyStep.execute(IdentifyStep.java:48)
	at org.gradle.internal.execution.steps.IdentifyStep.execute(IdentifyStep.java:35)
	at org.gradle.internal.execution.impl.DefaultExecutionEngine$1.execute(DefaultExecutionEngine.java:64)
	at org.gradle.api.internal.tasks.execution.ExecuteActionsTaskExecuter.executeIfValid(ExecuteActionsTaskExecuter.java:127)
	at org.gradle.api.internal.tasks.execution.ExecuteActionsTaskExecuter.execute(ExecuteActionsTaskExecuter.java:116)
	at org.gradle.api.internal.tasks.execution.ProblemsTaskPathTrackingTaskExecuter.execute(ProblemsTaskPathTrackingTaskExecuter.java:41)
	at org.gradle.api.internal.tasks.execution.FinalizePropertiesTaskExecuter.execute(FinalizePropertiesTaskExecuter.java:46)
	at org.gradle.api.internal.tasks.execution.ResolveTaskExecutionModeExecuter.execute(ResolveTaskExecutionModeExecuter.java:51)
	at org.gradle.api.internal.tasks.execution.SkipTaskWithNoActionsExecuter.execute(SkipTaskWithNoActionsExecuter.java:57)
	at org.gradle.api.internal.tasks.execution.SkipOnlyIfTaskExecuter.execute(SkipOnlyIfTaskExecuter.java:74)
	at org.gradle.api.internal.tasks.execution.CatchExceptionTaskExecuter.execute(CatchExceptionTaskExecuter.java:36)
	at org.gradle.api.internal.tasks.execution.EventFiringTaskExecuter$1.executeTask(EventFiringTaskExecuter.java:77)
	at org.gradle.api.internal.tasks.execution.EventFiringTaskExecuter$1.call(EventFiringTaskExecuter.java:55)
	at org.gradle.api.internal.tasks.execution.EventFiringTaskExecuter$1.call(EventFiringTaskExecuter.java:52)
	at org.gradle.internal.operations.DefaultBuildOperationRunner$CallableBuildOperationWorker.execute(DefaultBuildOperationRunner.java:210)
	at org.gradle.internal.operations.DefaultBuildOperationRunner$CallableBuildOperationWorker.execute(DefaultBuildOperationRunner.java:205)
	at org.gradle.internal.operations.DefaultBuildOperationRunner$2.execute(DefaultBuildOperationRunner.java:67)
	at org.gradle.internal.operations.DefaultBuildOperationRunner$2.execute(DefaultBuildOperationRunner.java:60)
	at org.gradle.internal.operations.DefaultBuildOperationRunner.execute(DefaultBuildOperationRunner.java:167)
	at org.gradle.internal.operations.DefaultBuildOperationRunner.execute(DefaultBuildOperationRunner.java:60)
	at org.gradle.internal.operations.DefaultBuildOperationRunner.call(DefaultBuildOperationRunner.java:54)
	at org.gradle.api.internal.tasks.execution.EventFiringTaskExecuter.execute(EventFiringTaskExecuter.java:52)
	at org.gradle.execution.plan.LocalTaskNodeExecutor.execute(LocalTaskNodeExecutor.java:42)
	at org.gradle.execution.taskgraph.DefaultTaskExecutionGraph$InvokeNodeExecutorsAction.execute(DefaultTaskExecutionGraph.java:331)
	at org.gradle.execution.taskgraph.DefaultTaskExecutionGraph$InvokeNodeExecutorsAction.execute(DefaultTaskExecutionGraph.java:318)
	at org.gradle.execution.taskgraph.DefaultTaskExecutionGraph$BuildOperationAwareExecutionAction.lambda$execute$0(DefaultTaskExecutionGraph.java:314)
	at org.gradle.internal.operations.CurrentBuildOperationRef.with(CurrentBuildOperationRef.java:85)
	at org.gradle.execution.taskgraph.DefaultTaskExecutionGraph$BuildOperationAwareExecutionAction.execute(DefaultTaskExecutionGraph.java:314)
	at org.gradle.execution.taskgraph.DefaultTaskExecutionGraph$BuildOperationAwareExecutionAction.execute(DefaultTaskExecutionGraph.java:303)
	at org.gradle.execution.plan.DefaultPlanExecutor$ExecutorWorker.execute(DefaultPlanExecutor.java:459)
	at org.gradle.execution.plan.DefaultPlanExecutor$ExecutorWorker.run(DefaultPlanExecutor.java:376)
	at org.gradle.internal.concurrent.ExecutorPolicy$CatchAndRecordFailures.onExecute(ExecutorPolicy.java:64)
	at org.gradle.internal.concurrent.AbstractManagedExecutor$1.run(AbstractManagedExecutor.java:48)


Deprecated Gradle features were used in this build, making it incompatible with Gradle 9.0.

You can use '--warning-mode all' to show the individual deprecation warnings and determine if they come from your own scripts or plugins.

For more on this, please refer to https://docs.gradle.org/8.14.5/userguide/command_line_interface.html#sec:command_line_warnings in the Gradle documentation.

BUILD FAILED in 54s
11 actionable tasks: 9 executed, 2 up-to-date
